block_id,lines
15,015 028 029 117
21,117
24,015 028 029 117
29,060
32,028 117
36,015 028 029 117
37,060
44,060
46,117
47,028 117
52,015 028 029 117
58,060
64,028 130
65,028
70,015 028 029 130
74,019 021 059 060 068 071 133 151 152 161 168 184 194
75,130
78,019
83,021 060 071 151
88,130
90,015 028 029 130
91,021 060 151
93,071 151
97,059 060 068 133 152 161 168 184
100,160
103,130
104,019 130 151
107,130
110,151
111,021 060
116,071 151
119,019 071 151
121,021 060
122,015 028 029 130
123,130
125,151
128,015 028 029 130
130,059 060 068 130 133 152 161 168 184
131,071 151
132,071 151
139,021 060
141,019 071 151
151,071 151
152,151
153,130
158,151
159,021 028 060 117
163,071 151
165,015 028 029 130
166,071
172,059 060 068 130 133 152 161 168 184
175,071 151
176,151
177,130
182,071
188,019
189,021 028 060 117
195,015 028 029 130
200,071
201,151
208,071
211,019
212,033 037 045 160 166
213,130
214,059 060 068 130 133 152 161 168 184
218,021 028 060 117
219,071
225,019
226,151
229,130
231,015 028 029 130
232,071
235,033 037 045 160 166
236,071
239,019
245,015 021 028 060 117
246,019 151
247,151
252,071
254,019
255,019
261,059 060 068 133 152 161 168 184
262,071
265,019
269,015 028 029 130
273,130
274,015 021 028 060 117
275,019
276,019 151
279,071
291,071
293,019
294,151
297,015 021 028 060 117
303,059 060 068 133 152 161 168 184
304,071
310,019
311,019
313,130
315,015 028 029 130
316,071
318,033 037 045 160 166
320,151
323,015 021 028 060 117
327,019
334,071
336,130
343,151
344,071
346,151
348,059 060 068 133 152 161 168 184
353,019
357,015 028 029 130
362,071
363,071
364,130
365,130
368,151
371,019
376,151
385,071
387,019
391,130
393,151
394,130
397,071
398,015 028 029 130
400,059 060 068 133 152 161 168 184
416,071
421,042 107
425,019
426,042 107
427,130
430,151
433,042 107
436,071
440,130
444,042 107
446,019
448,059 060 068 133 152 161 168 184
449,015 028 029 130
451,042 107
452,071
453,071
459,151
460,042 107
466,042 107
469,130
471,071
472,071
477,019
482,028 107
489,151
491,015 028 029 130
499,057 059 060 068 133 152 161 168 184 194
501,130
503,130
504,130
505,107
509,042 107
511,019
514,042 107
516,071
523,076
527,151
528,151
532,042
538,071
540,130
542,130
544,107
546,019
547,019
549,076
555,015 028 029 130
563,059 060 068 133 152 161 168 184
567,151
572,071
576,028 107
578,071
580,107
582,019
584,130
587,130
590,076
599,059 060 068 133 152 161 168 184
601,151
612,107
616,071
618,107
620,015 028 029 130
628,071
630,019
632,076
646,130
654,029 130
655,057 059 060 068 133 152 161 168 184 194
662,107
663,107
673,107
677,071
678,071
684,019
685,076
686,076
689,130
691,107
705,107
711,107
712,015 029 130
715,151
721,019
725,015 029 107 130
728,076
729,076
734,029 130
744,071
746,151
747,151
748,107
749,076
752,071 130
753,151
757,029 059 060 068 133 152 161 168 184
760,029
762,107
764,130
772,071
773,029
781,076
782,076
790,071 130
793,029 059 060 068 133 152 161 168 184
796,151
797,015 029 107 130
798,029 130
801,019
811,071
814,110
815,029
824,019
825,019
826,130
831,076
832,107
833,107
835,028 117
840,071
841,029
843,033 037 045 160 166
844,076
845,076
846,110
847,071 110 130
850,029 059 060 068 130 133 152 161 168 184
852,151
853,107
856,029 130
869,019
871,042 107
875,110
879,130
882,076
885,130
892,071 130
895,029 059 060 068 130 133 152 161 168 184
896,033 037 045 160 166
899,029 093
901,071
908,029
910,029 130
911,151
912,107
918,019
921,076
922,076
923,107
925,076
926,110
927,110
930,107
931,071
932,019
933,029 130
935,029 093 110
936,029 093
939,029
943,107
944,130
945,029 059 060 068 130 133 152 161 168 184
948,110
949,071 110 130
953,107
954,107
956,107
957,015 029 107 130
959,076
960,093
961,029
965,042 107
967,019
968,033 037 045 160 166
971,029 110
972,029 093 110
973,029 130 151
974,151
975,076
976,076
985,071
986,071 130
987,071
990,029 059 060 068 133 152 161 168 184
991,029 130
993,029 093 110
995,107
996,107
999,019
1000,071 076
1001,076
1002,110
1003,029 110
1005,019
1012,076
1013,076
1015,071
1016,071
1017,076 193
1020,071
1022,110
1024,071
1025,093
1029,029 110
1030,029 093 110
1031,029 130
1035,033 037 045 160 166
1037,019
1041,029 059 060 068 133 152 161 168 184
1042,130
1044,071 110 130
1047,107
1048,107
1049,071
1050,076
1053,029 130
1055,041 067
1059,029 093 110
1060,029 093
1062,015 029 107 130
1067,110
1068,029 093 110
1069,071 076
1070,071 076
1075,026 092 128
1080,107
1084,042 107
1085,107
1090,071 130
1091,071
1093,029 130
1094,019
1098,110
1099,107
1103,110
1104,029 110
1111,071
1112,071 076
1113,029 130
1114,151
1118,071
1125,041 067
1129,093 110
1130,093
1131,107
1132,071 130
1133,110
1135,029 059 060 068 133 152 161 168 184
1137,019
1138,019 029 130
1139,019
1147,071
1148,076
1151,110
1152,071 110 130
1156,107
1159,110
1160,107
1161,015 029 107 130
1166,042 107 130
1167,107
1168,071
1170,110
1171,029 093 110
1173,029 130
1177,107
1183,071
1188,110
1197,130
1198,019 029 130
1202,071
1203,071 076
1205,151
1206,110
1207,029 110
1212,071
1213,071
1214,110
1215,041 067
1217,071 110 130
1224,093 110
1226,029 059 060 068 152 161 168 184
1227,029 130
1231,071 110 130
1235,071
1236,076
1239,107
1241,042 107 130
1242,107
1247,130
1248,008 033 034 037 045 160 166
1249,107
1254,071
1256,019 029 130
1257,019
1261,110
1262,093 110
1266,015 029 130
1271,029 130
1272,019
1276,130
1279,110
1283,029
1289,151
1292,071
1293,071 076
1295,041 067
1299,071 110 130
1301,071
1307,130
1308,034
1311,029 130
1315,107
1317,042 130
1319,110
1320,093 110
1325,071 076
1326,019 029 130
1328,107
1330,130
1332,029 057 059 060 068 133 152 161 168 184 194
1336,130
1338,093 110
1344,071
1345,071
1349,130
1353,019
1363,015 029 130
1364,071 076
1365,029 130
1367,110
1368,110
1372,071
1373,071 076
1378,071
1380,130
1381,130
1385,041 067
1390,019 029 130
1391,019
1393,071 110 130
1394,107
1396,110
1397,071 110 130
1399,093 110
1400,042 130
1405,029 067 110 130
1406,029
1409,067 110
1411,041 067 110
1412,093 110
1414,107
1416,041 067 110
1417,041 067 110
1418,093
1420,151
1422,076
1424,041 067 110
1425,110
1426,110
1432,041 067 110
1433,110
1434,041 067
1435,107
1440,110
1441,041 093 110
1446,041 067
1447,029 130
1450,029 067 076 130
1455,107
1457,019
1460,042 130
1464,029 130
1467,110
1469,029 059 060 068 152 161 168 184
1474,107
1476,130
1477,130
1478,076
1479,029 067 076 130
1480,110
1484,071
1488,042 130
1489,042 130
1491,019
1492,041 067
1495,107 130
1496,015 029 130
1497,110
1498,041 093 110
1499,041 067 110
1500,041 067
1503,071
1506,029 130
1508,110
1512,071
1513,071 110
1518,041
1520,071
1525,029 130
1529,029 130
1530,029 067 076 130
1532,042 130
1533,130
1534,107
1536,041 169
1539,041 093
1540,008 033 034 037 045 160 166
1545,071
1549,041 059 060 068 133 152 161
1552,110
1553,110
1562,071
1567,042 130
1572,019
1575,071
1576,110
1577,041 169
1579,110
1581,029 067 076 130
1583,041 059 060 133 152 161
1584,107
1588,029 130
1595,041 093 110
1597,019
1600,071
1601,107
1603,071
1604,071
1609,042 130
1610,015 029 130
1611,071
1619,071
1622,029 130
1623,029 067 076 130
1624,107
1627,019
1629,110
1630,041 093
1635,041 057 059 060 133 152 161 194
1636,041 169
1644,076
1646,110
1647,042 130
1654,071
1655,107
1657,107
1658,107
1660,107
1664,071
1665,071
1666,130 160
1669,067 076
1671,071
1672,110
1673,110
1674,041 093 110
1678,041 059 060 133 152 161
1681,041 169
1685,015 029 042
1689,071
1690,071
1691,107
1692,107
1697,071
1701,019
1703,019
1704,107
1707,041 059 060 133 152 161
1708,071
1709,019
1713,041 093
1715,067 076
1716,042 130
1717,015 029 130
1720,071
1721,071
1722,107 114
1724,008
1728,107
1729,071
1731,076
1733,041 169
1734,151
1739,107
1740,107
1741,071
1742,071
1752,110
1757,067 076
1759,041 093 110
1760,042
1762,107 114
1763,114
1764,071
1765,071
1775,107 114
1776,029 041 059 060 133 152 161
1777,076
1778,076
1780,067
1783,015 029 042
1784,015 029
1785,110
1787,019
1788,071
1789,041 093
1791,019
1794,041 169
1796,042
1797,114
1798,114
1801,110
1804,071
1806,076
1807,071
1809,110
1811,071
1816,107 114
1821,151
1822,044 060 063 065 080 113 114
1828,008 033 034 037 045 160 166
1829,015 029 042
1834,041 093
1835,107 114
1837,114
1838,114
1841,067
1844,041 169
1849,041 071 093
1852,019
1854,110
1855,110
1857,114
1860,071
1861,071
1865,042 044 060 063 065 080 113 114
1870,037 160 166
1874,114
1875,107 114
1876,029 041 059 060 068 133 152 161 168 184
1877,044 060 063 065 080 113 114
1878,114
1879,037 130 160
1883,110
1884,019
1885,019
1888,029 044 060 063 065 080 113 114
1891,041 093
1892,107 114
1894,041 169
1896,114
1897,114
1899,076
1901,151
1903,076
1904,019
1905,067
1906,071
1907,041 071 093
1909,071
1916,110
1918,029 060
1919,029 060
1925,019
1926,067
1927,019
1929,107 114 133
1933,029 044 060 063 065 080 113 114
1934,114
1936,015 029 055 060 064 118
1937,071
1943,107 114 133
1945,071
1946,041 093
1947,071
1948,071
1949,114
1950,114
1954,037 130 160
1958,041 169
1959,019 067
1963,110
1964,067
1965,029 041 059 060 068 152 161
1969,019 041 169
1971,151
1974,107 114 133
1977,076
1980,029 044 060 063 065 080 113 114
1981,114
1982,071
1983,110
1984,071
1985,071
1987,015 029 044 055 060 064 118
1990,076
1993,107 114 133
2001,067
2007,067
2012,110
2013,067
2015,041 169
2016,019
2019,071 110
2025,071
2026,041 071 093
2030,071 110
2032,071
2033,107 114 133
2037,029 044 060 063 065 080 113 114
2038,114
2045,019
2046,107 114 133
2047,151
2048,044
2051,071 110
2052,067
2053,029 041 059 060 067 068 152 161
2055,015 029 055 060 064 118
2058,067
2063,071
2065,067
2069,071
2070,041 071 093
2071,071 110
2072,110
2077,071
2078,071
2079,041 169
2080,076
2085,076
2086,107 114 133
2089,071
2092,029 044 060 063 065 080 113
2093,067
2097,019
2099,037 130 160
2100,107 114 133
2102,044
2106,067
2109,067
2114,029 060 113
2116,071
2117,071
2121,042 064
2122,071
2124,071 110
2125,067
2127,041 169
2130,071
2138,019
2143,107 114 133
2144,151
2147,015 029 055 060 118
2149,071
2151,034 037 130 160
2152,029 060 113
2153,029 057 059 060 067 152 194
2158,076
2162,042 064
2165,044
2170,042 064
2171,071
2172,041 071 093
2173,107 114 133
2174,067
2176,067
2177,067
2178,071
2188,107 114 133
2190,071
2191,041 169
2192,076
2193,067
2195,042
2200,044 063 065 067 080 113
2201,071
2203,071 110
2209,019
2214,042 064
2217,107
2221,113
2224,041 093
2225,044 063 065 067 080 113
2228,041 093
2230,071
2231,110
2232,044
2237,019
2240,067
2242,107 114 133
2243,067 107 114 128 133 160
2246,041 169
2249,015 029 055 060 118
2252,067
2253,151
2254,071
2261,107 114 133
2264,071
2267,044 063 065 067 080 113
2268,059 067 152
2274,076 107
2276,042
2278,042
2280,041 093
2284,041 093
2287,071
2289,113
2294,107
2295,076
2296,044
2301,067
2304,071
2305,041 169
2310,019
2313,067
2314,067
2317,064 130
2322,067
2325,041 093
2326,071
2330,107
2331,107
2332,113
2336,015 029 055 060 118
2337,042
2339,113
2341,107 114 133
2342,019
2344,015 029 055 060 118
2349,044
2351,107
2355,071
2365,067
2366,067 151
2367,041 169
2369,076 107
2372,042
2373,042
2375,041 044 059 063 065 067 068 080 152 161 168 184
2377,071
2391,041 093
2393,113
2402,076 107
2403,076 107
2407,113
2409,071
2412,071
2417,044
2421,107
2425,019 107 114 133
2426,019
2436,067
2437,067
2440,076
2445,107
2446,168 184
2448,042
2452,041
2453,041 093
2458,042 059
2459,015 029 055 060 118
2460,113
2466,015 029 055 059 060 118
2467,110 176
2475,113
2476,151
2489,041 169
2490,071
2492,071
2493,019 076 107 114 133
2494,076 107
2495,044
2496,044 063 065 080 168 184
2506,041 093
2513,110 176
2518,019 076 114
2522,071
2523,041 071 169
2530,113
2532,041 071 169
2533,071
2542,110 176
2549,041 071 169
2554,042
2555,015 029 042 055 059 060 118
2560,044 065 080 168 184
2561,168 184
2562,076
2563,076
2570,041 093
2571,071 176
2574,110 176
2576,107
2578,034 160 166
2582,063 080 168 184
2584,113
2585,110 176
2587,063
2595,041 071 169
2600,113
2601,113 151
2607,042 059
2609,041 071 169
2610,041 093
2615,110 176
2625,044 065 080 168 184
2627,076
2628,076
2632,019 076 114
2633,076
2636,110 176
2639,071
2642,107
2644,113
2647,015 029 055 059 060 118
2648,076
2653,057 063 194
2655,110 176
2658,064
2662,071 176
2664,093
2665,080 168 184
2666,168 184
2673,113
2675,110 176
2678,041 071 169
2679,041 093
2682,063 068 161
2683,110 176
2685,064
2693,041 059 060 063 067 068 152 161
2694,044 065
2696,042 059
2697,059
2698,110 176
2702,042 059
2704,107
2707,113 151
2714,176
2720,037 130
2721,160
2722,064 130
2725,080 168 184
2726,044 065 080 168 184
2728,093
2731,176
2734,071 169
2736,110 176
2742,019
2744,113
2748,019 076 114
2753,113
2755,168 184
2756,044 065
2764,071
2765,064
2766,064
2769,015 029 055 059 060 118
2770,110 176
2774,176
2778,107
2779,093
2784,019 076 114
2792,071 176
2794,044 065 080 168 184
2796,064
2801,019
2802,019
2805,071 169
2808,041 059 060 063 067 068 152 161
2811,034 037 160 166
2812,064 130
2814,042 059
2818,110 176
2820,176
2822,064
2825,113
2826,065 080 168 184
2827,044
2828,044 065
2831,113
2832,113 151
2842,110 176
2849,176
2850,019
2851,019
2852,176
2853,093 107
2854,093
2855,019 114
2857,019 076 114
2858,019
2859,019
2860,071 176
2866,044 065 080 168 184
2870,041 059 060 063 067 068 152 161
2871,169
2876,019
2879,019 076
2880,107
2885,064
2886,064
2892,044 065 080 168 184
2893,044 065
2899,044 065 080
2901,110 176
2905,064
2906,064
2909,093
2914,064
2919,042 059
2923,176
2925,071
2926,169
2930,064
2931,064
2932,107
2933,107
2934,169
2936,071 176
2937,019 076 114 133
2940,041 059 060 063 067 068 152 161
2944,015 029 055 059 060 118
2947,114
2956,110 176
2960,019
2961,107
2964,113
2968,169
2970,064
2972,044 065 080
2975,019
2976,034 037 130 160 166
2981,130
2984,093
2985,093
2986,110 176
2994,042
2997,176
2998,015 029 055 059 060 118
3000,019
3003,064
3005,093
3006,071
3007,176
3010,107
3012,107
3013,107
3014,019 076 114 133
3015,019 076
3017,041 059 060 063 067 068 152 161
3020,107
3023,107 114 133
3027,110 176
3034,044 065 080 168 184
3035,113 151
3040,064
3049,044 065 080
3056,064
3057,064
3059,041 059 060 063 067 068 152 161
3064,071 169
3065,071
3070,076
3073,107
3080,064
3081,015 029 055 059 060 118
3084,113
3085,113
3090,107
3094,071
3095,071 176
3098,019 076 114 133
3099,019
3101,019
3102,110 176
3106,107 114 133
3110,044 065 080 113
3113,044 065 080 151 168
3114,042 059
3115,041 059 063 067 068 152 161
3127,093
3131,107
3132,107
3133,064
3142,113
3143,019
3146,044 065 080 113
3148,076
3149,076
3154,071 140 169
3155,176
3166,042 059
3167,042 063 068 152 161
3170,110 176
3171,176
3172,019 076 114 133
3175,071 140 169
3176,113
3177,113
3178,064
3179,064
3182,107 114 133
3183,093 107 114 133
3186,107
3187,107
3189,113
3198,076
3210,064
3211,015 029 055 059 060 064 118
3212,064
3213,064
3216,113
3217,019
3219,068 152 161
3222,076
3223,076
3227,110
3229,071 140 169
3230,071 176
3233,068 152 161
3237,130 160
3238,114 133
3241,044 065 080 113
3242,113
3246,107 114 133
3247,093
3250,071 169
3251,176
3253,113
3257,019 113
3258,019
3261,110 111 127 140 169
3266,071 140 169 176
3268,076
3272,169
3273,110 176
3279,107
3280,071 140
3282,093
3283,140 169
3285,130
3286,130
3292,042 063
3295,044 065 080 151 168
3300,064
3302,010
3303,113
3309,060 067 068 152 161
3316,140 169
3319,169
3323,019 113
3324,019
3325,114 133
3331,015 029 055 059 060 064 118
3336,041 067 068 152 161
3338,076
3339,037 160
3341,107 114 133
3343,076
3347,113
3350,113
3351,113
3352,169
3353,071 140 169 176
3359,110 111 127 140 176
3361,110
3362,140 169
3367,093
3368,093
3371,169
3372,071 169 176
3375,037 160
3376,037 130 160
3379,110 111 127 140
3381,168
3384,044 065 080 113
3385,113
3387,057 067 068 152 161 194
3388,113
3391,071 107 140 169
3400,140 169
3402,042 063
3406,076
3409,107 114 133
3413,113
3415,114 133
3416,093
3417,169
3418,169
3421,019
3422,019
3429,169
3430,169
3433,140 169
3435,110
3445,037 067 130
3446,169
3447,071 140 169 176
3450,064
3451,015 029 055 059 060 064 118
3454,168
3461,044 065 080
3462,044 065 080 151 168 184
3464,113
3465,076
3470,107 114 133
3475,071
3477,041 060 067 068 152 161
3478,110
3479,110 111 127 140
3480,130
3484,140 169
3490,008 033 045 160
3494,114 133
3495,093
3497,071 107 169
3504,071
3505,113
3514,042 063
3522,110 127
3524,151 168 184
3525,113
3527,168
3529,076 113
3530,076
3532,093
3533,169
3534,169
3535,044 065 080
3538,044 065 080
3542,127
3548,015 029 055 059 060 064 118
3552,057 067 068 152 161 194
3555,071 127 140 176
3556,071 140 169 176
3558,090 176
3559,140 169
3561,114 133 140
3566,110 111 140 169
3578,076 113
3579,076
3583,071 107
3584,071 127 140 176
3586,168
3589,076 113
3590,114 133 140
3596,071 169
3597,113
3601,151 168 184
3604,090 107 114 133 176
3613,093 140
3621,044 065 080
3622,151
3629,071 127
3633,127 169
3634,169
3635,019
3636,076
3639,110
3640,110 127
3642,067 068 152 161
3644,044 065 080
3645,019
3649,093
3651,107
3652,169
3654,010 160 166
3656,114 133 140
3657,090 140 176
3658,113
3660,110 111 140 169
3663,151 168 184
3667,111 140 169
3668,114 133 140
3673,151
3677,015 029 055 059 060 064 118
3682,127
3683,071 127 140 176
3684,113
3703,071 090 107 114 127 133 176
3704,071 127
3705,010 037 130
3708,071
3710,127
3711,019
3712,127
3714,113
3719,019 076
3721,151 168 184
3723,076
3725,093 140
3729,028
3731,111 140 169
3734,169
3735,169
3737,151
3738,114 133 140
3740,113
3742,037
3748,015 055 059 060 064 118
3750,010 037
3752,090 140 176
3753,044 065 080
3754,090 107 114 133
3757,044 065 080
3758,019
3760,107 169
3761,110 169
3762,110 127
3770,071 127 140 176
3772,133
3773,071
3775,093
3777,015 055 059 060 064 118
3785,010 037 067 130
3792,111 140 169
3794,151 168 184
3799,113
3804,015 055 059 060 064 118
3811,127
3816,151
3817,010 160 166
3818,160 166
3821,127
3823,071 114 127
3824,071
3825,113
3829,111 140 169
3830,127
3832,010 037
3835,140 169
3837,015 055 059 060 064 118
3838,114 133 140
3843,090 107
3849,093 140
3850,169
3851,110
3853,127
3858,090 140 176
3859,110 127 169
3860,071 114 127
3861,071 114 127 133 140 176
3863,151 184
3866,010 037 067
3869,076
3872,080
3873,019 076
3875,019 044 065 080
3876,113
3878,037
3887,160
3888,008 033 045
3889,010 037
3890,127
3901,067 102 130
3902,133
3903,113
3904,093
3905,037
3906,102
3908,168
3915,140 169
3916,111 140 169
3918,151 168 184
3919,107
3926,127
3929,151 184
3931,090 140 176
3939,080
3948,113
3950,071 114 133 140
3951,071 127 133 140 176
3954,037 102
3956,110 169
3957,110 127
3958,110 127 169
3959,127
3964,107
3966,168
3968,169
3969,019 044 065 080
3973,169
3975,127
3976,127
3977,114
3981,111
3983,127
3986,071
3989,113
3990,093 140
3993,080
3996,067 102 130
4000,080
4003,090 140 176
4012,090 114
4021,168
4024,133
4027,151 168 184
4029,019 044 065 076
4032,113
4034,039
4035,042 063 168
4036,168
4043,111
4044,090 113 140
4045,093
4048,039
4049,168
4050,176
4056,102
4058,151 184
4059,095
4063,114
4064,107
4071,110 127 169
4072,127
4073,169
4074,169
4075,090 107
4078,110 127
4079,169
4080,169
4083,160
4087,080
4088,080
4091,168
4093,168
4094,151 168 184
4095,113
4096,090 140 176
4099,090 114
4101,133
4102,071
4107,127
4113,067 102 130
4118,071 090 127 133 176
4119,090 093 113 140
4120,093 140
4121,110 169
4124,090 140
4127,015 029 055 059 060 064 118
4131,111
4133,102
4136,107
4137,176
4138,176
4140,168
4143,090 113
4146,039
4152,160
4154,039
4158,039 168
4160,019 044 065 076
4161,019 044 065 080
4162,080
4167,090 107
4170,151 184
4171,110 169
4176,042 063 168
4177,151 168 184
4180,176
4184,169
4185,041 067 068 152 161
4190,039
4191,095
4193,169
4194,110 127
4195,090 114
4196,107
4199,184
4201,039
4202,168
4206,107 114
4207,107
4210,090 093 140
4211,093 140
4213,090 113
4214,090 140 176
4215,080
4217,102
4220,113
4225,060
4226,041 060 067 068 152 161
4231,010 037
4232,037
4237,110 169
4243,010 037 067
4245,127
4246,111
4253,168
4254,168
4255,168 184
4256,151 184
4258,041 067 068 152 161
4261,071 133
4262,071 090 127 133 176
4263,176
4270,090 107
4272,090 093 140
4273,090 140 176
4280,067 102 130
4283,090 093 140
4284,090 093 140 176
4287,168
4288,168
4289,110 169
4291,090 107 114
4292,160
4296,168
4297,168
4298,080
4303,169
4304,169
4314,107 114
4319,039 093 095
4320,095
4324,090 093 140
4327,041 057 067 068 152 161 194
4328,021 028
4329,039
4333,184
4335,110 127 175
4338,090 107 114
4339,107
4342,042 063 168 184
4343,151 168 184
4344,090 140 176
4345,127
4347,127
4349,093 140
4354,090 113 176
4355,113
4360,090 107 114
4361,010 034 160 166
4362,064 068 108 111 152 161
4364,039 168
4365,168
4366,102
4369,090 093 140
4370,090 093 140 176
4371,090 107
4375,080
4378,160
4379,090 093 140 176
4386,076 090 093 140 176
4387,019 044 065 076
4388,076 090 093 140 176
4389,019 044 065
4390,076 090 093 140 176
4393,019 044 065 076 090 093 140 176
4397,039 168
4398,176
4403,168
4404,039
4405,076 090 093 140 176
4408,090 093 140 176
4410,019 044 065 076 090 093 140 176
4413,176
4414,071 090 127 133 176
4415,151 168 184
4416,184
4418,151 168
4422,090 176
4423,176
4424,107 114
4426,019 044 090 093 140
4429,110 169
4430,110 169
4433,039
4437,033 045
4439,019 044 090 093 140
4441,039
4442,080
4443,090 093 140 176
4445,090 093 140 176
4448,108 111
4449,093 111
4451,019 044 090 093 140
4452,067 102 130
4453,090 107 114
4461,093 111
4464,059 068 108 111 152
4465,090
4471,110 127
4474,113
4475,168
4476,168
4477,127
4479,090 093 140 176
4482,113
4483,039 093
4490,090 093 140 176
4492,168
4497,090 093 140 176
4505,019 044 090 093 140
4508,042 063 168 184
4509,151 168 184
4512,110 169
4518,090 093 140 176
4525,090 093 140 176
4526,114
4528,108 176
4529,113
4531,090 107
4533,039
4536,090
4537,071 090 108 127 133 176
4546,090 093 140 176
4547,090 093 140 176
4548,067 102 130
4554,168
4555,160
4556,059 068 152 161
4558,090 107 114
4559,107
4560,039
4561,168
4563,019 044 090 093 140
4565,169
4567,039
4569,039 093
4571,039
4572,093 108 111
4573,093 111
4574,168
4576,080
4577,090 093 140
4578,151 168
4579,151 168
4582,168
4588,127
4589,110 127
4593,108 176
4594,176
4599,108 111
4606,039
4607,039
4612,090 107
4618,071 108 127 133 176
4619,093 111
4629,067 102 130
4632,168
4636,176
4640,090 107 114
4642,151 168
4645,140 176
4646,140
4647,019 044 065 076 090 093 140 176
4650,110
4656,128 188
4657,090 140 176
4658,019 044 065 076 176
4661,113
4665,067 102 130
4667,090
4669,108 176
4670,169
4673,019 044 065 076 090 093 140 176
4674,039
4675,039
4676,090 107 114
4681,042 063 168 184
4682,168
4684,012 015 029 059 095 108 111 160
4689,168
4690,114
4694,113
4695,071 108 127 133 176
4696,113
4697,071 108 113 127 133 176
4701,034 166
4704,108 176
4706,108 176
4709,128 188
4716,110
4717,080
4721,039
4722,039
4723,039 093
4725,093 111
4729,128 188
4730,019 044 065 076 090 093 140 176
4731,168
4732,151
4733,090
4734,090
4738,188
4739,039 168
4740,168
4742,110
4743,168
4744,019 044 065 076 090 093 140 176
4747,033 045
4751,114
4753,021 028 169
4756,039
4757,039
4758,151 168
4759,168
4762,108 111
4764,111
4766,090 107 114
4768,108 176
4769,176
4771,128 188
4774,090 176
4780,110
4781,071 108 113 127 133 176
4782,087 176
4785,090 093 140
4786,176
4788,090 093 140 176
4790,067 102 130
4791,042 063 168 184
4792,019 044 065 076 090 093 140 168 176
4803,090 093 140 176
4811,090 093 140 176
4812,039
4814,039 151
4815,151 168
4816,108 176
4818,029 059 060 093 095 108 111 118 160
4821,090 093 140 176
4823,039 093
4824,039
4827,090 093 140 176
4830,168
4833,090 093 140 176
4834,090 107 114
4838,140 176
4839,090 093 140
4846,010 037 057 060 067 145 194
4848,019 044 065 076
4849,093 176
4850,090 140 176
4851,090 093 140 176
4852,140 176
4853,090 093 140 176
4855,110
4862,110
4867,019 044 065 090
4868,090
4870,128 188
4871,071 108 113 127 133 176
4874,034 166
4875,093 111
4877,168
4878,019 039 044 065 076 090 093 140 168 176
4879,039
4880,039
4881,090 107 114
4883,108 111
4888,080 087 176
4891,110
4896,039
4897,151 168
4905,108 176
4919,110 128
4922,176
4923,110 128
4925,039 168
4926,039 151 168
4927,090 107
4934,039 093
4936,039 151 168
4937,039 140 168
4940,110
4941,110 128
4946,108 176
4954,029 055 111 160
4955,039 140 151 168
4957,110 128
4961,114
4963,021 028 169
4970,080 087 176
4971,071 108 113 127 133 176
4973,019 044 065 090
4975,176
4976,176
4977,067 102 130
4978,008
4981,111
4983,090 107 114
4988,128
4990,080 087
4994,140 151 168
4995,151 168
4997,039 151 168
5004,055
5013,108 176
5015,090
5022,087
5025,110 128
5026,176
5027,176
5028,128 188
5029,010 037 041 059 060 093 095 108 118 128 160 161 188
5033,111
5038,090 107
5039,090
5044,071 087 108 113 127 133 176
5050,108 176
5052,108 111
5058,128
5059,161
5060,010 037 041 059 060 093 095 108 118 160 161
5062,067 130
5066,019 039 042 044 063 065 090 140 168 184
5067,019 044 065 090
5068,039 093
5069,039
5075,039
5076,039
5077,067 102 130
5079,010 037 041 059 060 093 095 108 118 160
5080,090 107
5081,090 107 110
5092,151
5099,110
5103,010 037 041 059 060 093 095 108 118 160
5108,012 029 039 111 160 194
5109,034 166
5111,093 111
5113,114
5116,128
5124,110 188
5125,010 037 041 059 060 093 095 108 118 160
5127,067 102 130
5128,110
5129,128
5130,168
5131,140 151 168
5136,067 102 130
5137,019 044 065 076 090 093 140 168 176
5138,039 140 168
5139,090 107 114
5146,108 176
5148,055
5149,055
5153,019 044 065 076 093
5155,108 176
5164,110
5165,090
5168,010 037 041 059 060 093 095 108 110 118 160 188
5169,087 176
5170,071 087 108 127 176
5171,151
5174,111
5175,113 133
5176,110
5182,090 107
5184,012 029 039 111 160 194
5185,110 128
5186,128
5187,034 166
5190,055
5191,055
5194,039
5195,039 140 168
5198,108
5200,110 160 188
5201,111
5203,160
5206,019 039 042 044 063 065 090 140 184
5208,108 176
5209,067 130
5215,093 111
5216,039
5217,039 093
5218,039
5220,010 037 041 059 060 093 095 108 110 118
5223,039
5226,151 168
5227,140 151 168
5229,114
5230,090 110
5235,102 128
5236,110 128
5238,071 087 108 127
5241,110 188
5242,108 176
5245,108 111
5252,067 130
5256,039 140
5257,039 140 168
5263,090 107 114
5265,108 176
5269,111
5276,010 037 041 059 060 093 095 108 110 118
5280,111
5290,019 044 065 076 090 093 140 176
5291,019 039 044 065 090 140
5292,090
5293,110
5301,160
5307,055
5308,111
5309,090 107
5312,055
5321,071 087 108 127
5322,071 087 108 127
5323,067 130
5328,067 130
5329,110
5335,176
5339,151
5340,151 168
5341,110 128
5342,010 037 041 059 060 093 095 108 110 118
5345,108 176
5347,151 168
5349,019 044 065 076 093 176
5355,067 130
5356,160
5357,010 037 041 059 060 093 095 108 110 118 128
5358,110 160
5364,039 140 168
5365,055
5366,111
5367,110 114
5371,019 039 042 044 063 065 090 140 184
5375,113 133
5376,090
5378,039
5379,039 093 111
5380,039
5383,039 093
5384,039
5388,108 111
5390,039
5392,176
5401,111
5403,071 087 108 127
5404,108
5407,071 087 108 127
5410,010 037 041 059 060 092 093 095 102 108 110 118
5411,102
5414,010 037 041 059 060 092 093 095 102 108 110 118
5417,010 037 041 059 060 092 093 095 102 108 110 118 128
5418,102 110 128
5420,010 037 041 059 060 092 093 095 108 110 118
5421,092 128
5422,010 037 041 059 060 093 095 108 110 118
5425,132
5426,090 107 114
5427,090 110
5428,110 188
5429,160
5432,111
5433,012 015 029 039 057 064 068 111 145 152 160 194
5436,067 130
5449,067 130
5450,090
5451,110
5456,111
5458,090
5461,108 151 168
5464,071 087 108 127
5471,108 176
5473,071 087 108 127
5474,151 168
5475,039 140 168
5476,092 128
5477,128
5478,076 093 176
5480,039
5481,039
5482,071 087 108 127
5486,160
5488,107
5500,176
5501,111
5503,110
5504,110
5505,055
5506,055 111
5507,188
5516,071 087 108
5517,114
5531,071 087 108
5532,071 087 108
5535,055
5543,110 160
5544,160 188
5545,067 130
5546,110
5547,160
5549,071 087 108
5552,108
5554,090
5557,071 087 108 127
5558,039 093 111
5559,039
5560,108 111
5561,039
5562,090
5564,039 093
5565,108
5567,087 107 114
5568,110
5571,130
5572,111 176
5573,111
5576,019 044 065 076 093 176
5589,087 110
5590,087 110
5592,087 110
5594,039
5595,111 113 133
5606,039 042 044 063 065 090 184
5608,093
5610,012 015 029 039 057 064 068 111 145 152 160 194
5615,108 176
5619,015 057 111 145
5624,010 037 041 059 060 092 093 095 102 108 110 118
5626,123
5627,039 108
5628,108 151 168
5629,108 151
5630,039 140 151 168
5631,090
5636,110 160
5639,107
5640,110
5641,090
5644,071 087 108 127
5645,092 128
5651,071 087 108 127
5654,055
5656,160
5657,012 015 029 039 057 064 068 111 145 152 160
5664,188
5665,108
5666,039 108 140 151 168
5667,110 160
5669,111
5670,055 111
5677,114
5679,033
5685,080 087 123
5689,062 092 093
5690,067 130
5696,039
5697,092 128
5699,017 062 092 093 110 124 130
5700,108 176
5701,111 123 176
5702,076 093 176
5710,108
5711,039
5716,110
5718,093
5720,108 111
5721,039
5722,090
5724,071
5725,093 111
5726,108
5727,111 113 123 133
5730,107
5732,090
5735,087 110
5736,110
5737,061 067 092 093 130
5739,087 110
5744,087 110
5746,010 037 041 059 060 092 093 095 102 108 110 118
5747,071 087 108
5748,071 087 108 127
5749,111 123
5750,111
5756,123
5759,071 087 108 127
5763,127
5764,071 087 108 127
5765,080 087 123
5767,110 160
5769,071 087 108 127
5773,110 160
5774,012 015 029 039 057 064 068 111 145 152 160
5777,123
5778,039 042 044 063 065 090 184
5779,019 044 065 076 093 176
5786,188
5788,039 093
5789,108 151 168
5792,188
5796,015 057 145
5797,015 057 145
5802,108 123 176
5804,111
5808,055
5817,090
5819,111
5821,107
5823,061 067 092 093 130
5824,034 166
5825,039
5826,090
5828,039 108
5829,039 108 140 151 168
5832,114
5833,110
5835,033 045
5837,111
5844,092 128
5845,128
5850,111 123
5853,061 062 092 093
5857,092 128
5860,110
5862,108
5863,039
5864,055
5869,108
5870,039
5871,093 124
5872,061 062 092 093
5878,039 090
5879,039
5881,087 110
5883,087 110
5884,087 110
5885,108
5886,108
5887,188
5890,087 110
5895,044 047 063 078 111 123 127
5897,123
5898,090
5901,087 110
5902,108 123 176
5909,010 037 041 059 060 092 093 095 102 108 110 118
5910,107
5912,110 160
5913,012 029 039 064 068 111 152 160 194
5914,188
5916,114
5918,090
5925,076 093 176
5926,090
5932,061 067 092 093 124 130
5934,010 037 041 059 060 092 093 095 102 108 110 118
5936,123
5938,039 055
5940,093 111
5943,070 075
5953,108 140 151 168
5954,055
5960,034 166
5961,039
5964,015 057 110 111 145 160
5965,015 057 145
5966,080 087 123
5968,039 093 108 111
5969,039 108 140 151 168
5970,015 057 145
5972,108 123 176
5974,076 090 093 127 176
5975,039 090
5977,055
5978,039 055
5983,092 128
5985,111
5986,111
5987,090
5989,039 055
5993,039 108
5994,039
5997,107
5999,090
6001,114
6004,111 123
6006,110
6007,110
6012,039 188
6016,092 128
6019,090 127
6022,111
6023,123
6025,039
6028,061 062 092 093
6034,087 110
6036,188
6037,012 029 039 064 068 111 152
6038,108
6041,039
6046,087 110
6047,087 110
6048,108 123 176
6052,087 110
6060,123
6066,039
6067,092 128
6068,010 037 041 059 060 092 093 095 102 108 110 118
6070,044 047 063 078 111 123
6072,107
6074,090
6076,061 067 092 093 124 130
6079,108
6083,114
6085,123
6086,087 107 114
6088,055
6091,123
6092,110 160
6093,110
6097,039 055
6098,039 055
6100,039 055
6103,108 151 168
6104,093 111
6105,140 151 168
6120,108 123 176
6124,108
6127,123
6132,039 055
6133,039
6134,080 087 123
6144,111 123
6147,039
6148,039
6149,108
6150,108
6151,015 057 110 111 145 160
6152,015 057 145
6153,123
6159,019 090 127
6163,111
6165,090
6167,019 039 042 044 063 065 071 076 087 090 093 108 176 184
6168,061 062 092 093
6169,092 093
6170,111
6172,107
6174,039 188
6175,012 029 039 064 068 111 152
6178,055
6179,090
6182,114
6186,061 067 092 093 124 130
6189,188
6190,044 063 093 119 123 176
6194,123
6197,087 110
6198,110
6200,019 090 127
6201,039 090 093
6214,087 110
6215,108 123 176
6216,087 110
6218,123
6229,092 093
6230,092 128
6234,123
6235,111 123
6237,123
6239,017 110
6240,108 151 168
6241,007 033
6242,008 009 020 023 028 050 056 070 101 106 132
6243,015 057 110 111 145 160
6244,188
6249,111 113 123 133
6251,019 090 127
6256,055
6257,039 055
6258,010 037 041 059 060 092 093 095 102 108 110 118
6259,108
6260,108 151 168
6261,039 076 090 093 127 176
6262,039 042 047 071 078 087 090 093 108 111 119 123 127 184
6264,107
6268,114
6271,080 087 123
6273,055
6274,039
6275,061 062
6279,039 055
6280,039
6281,108
6282,108
6284,093 111
6289,012 029 039 064 068 111 152
6294,110
6296,092 128
6297,039
6298,090
6301,140 151 168
6304,111
6306,123
6307,108
6310,029 039 064 068 111 152
6314,017 110
6319,061 067 092 093 130
6321,151 168
6332,111
6341,092 093
6345,123
6348,015 057 110 111 145 160
6349,111 160
6350,090
6352,039 188
6355,019 090 127
6360,107
6363,110
6366,090
6368,033
6373,114
6375,092 093
6376,055
6377,123
6378,123
6385,108 123 176
6386,087 110
6387,087
6390,087 110
6391,041 061 062 095 118
6394,019 039 090 093 127
6395,019 039 042 071 076 078 087 090 093 108 111 119 127 176
6397,111 123
6402,123
6413,010 037 059 060 092 093 095 102 108 110
6415,039
6424,029 039 064 068 111 152
6426,039
6428,140 151 168
6431,080 087 123
6432,123
6435,124
6437,055
6438,055
6441,039 188
6443,092 128
6444,039
6446,151 168
6448,188
6451,047 087
6452,039 092 128
6453,108 123 176
6455,019 090 127
6456,093 111
6458,061 067 092 093 130
6460,123
6465,090
6466,151 168
6473,090
6474,114
6476,113 123 133
6480,111
6482,017 110
6485,111
6488,090
6492,113 133
6494,110 124
6496,039
6498,041 061 062 095 118
6500,029 039 064 068 111 152
6504,111 160
6505,113 123 133
6506,113 123 133
6507,095
6512,095
6514,110
6517,092 093
6518,010 037 059 060 092 093 095 102 108 110
6526,087 110
6527,108 123 176
6533,087 110
6535,123
6536,015 057 110 145
6538,140 151 168
6541,039
6542,039
6547,022 026 033 045 091 108 129
6548,022 026 108
6549,090
6554,107
6558,042 047 071 076 078 087 093 108 111 119 176
6559,108
6560,019 090 127
6561,114
6564,039
6570,188
6574,039
6575,055
6577,061 092 093 130
6581,111
6582,087
6585,111 123
6586,080 087 123
6587,123
6591,019 090 127
6594,039 092 128
6597,188
6601,095
6602,007 008 009 020 023 026 028 033 050 056 070 075 100 101 106 108 132
6608,140 151 168
6619,140 151 168
6626,093 111
6628,108 123 176
6633,160
6635,111 123
6636,113 133
6639,140 151 168
6647,090
6651,039 092 128
6652,012 029 039 064 068 111 152
6653,188
6654,111 160
6655,188
6656,015 057 110 145
6658,124
6660,113
6662,019 065 071 076 090 127
6663,087 123
6664,087 111 123
6668,107
6670,090
6672,041 061 062 095 118
6674,110 124
6676,039 188
6677,188
6678,111
6680,017 110
6684,113
6690,110
6691,110
6692,087 110
6693,015 057 110 145
6696,008 009 022 023 026 028 033 045 050 056 070 091 101 106 108 132
6698,087 110
6701,108 123 176
6703,061 092 093 130
6709,111
6711,087 110
6712,110
6718,010 037 059 060 092 093 095 102 108 110
6726,087 110 123
6728,055
6734,039
6742,090
6745,039
6746,107
6749,111
6750,060 095
6751,095
6754,114
6758,021 028
6760,111 123
6761,039 092 128
6762,012 029 039 064 068 111 152
6763,087
6766,140 151 168
6770,093 111
6771,019 090 127
6776,140 151 168
6777,090
6779,111 160 188
6780,160
6794,160
6803,042 047 071 076 078 087 093 108 111 119 176
6807,087 123
6808,087 123
6809,113 133
6811,090
6812,039 188
6813,015 057 110 145
6819,111 123
6822,107
6823,093 108 111
6824,093 111
6837,019 065 071 076 090 127
6839,111
6845,188
6847,160
6848,111 123
6851,087 110
6853,110
6854,114
6856,124
6860,108 123 168 176 184
6866,113
6867,113
6871,055
6872,087
6873,087
6874,111
6878,017 110 124
6879,017 110
6880,045 129
6882,012 029 039 064 068 111 152 194
6890,111
6893,110
6894,101 102
6895,101 102
6896,010 037 059 060 101 102 108 110
6897,061 067 092 093 100 130
6901,039
6906,047 065 087 119
6908,006 007 008 009 020 022 023 026 028 033 045 050 056 070 075 091 092 100 101 106 108 115 126 132 143 150
6914,041 061 062 095 118
6918,060 092 093 095 101
6919,060
6920,055
6921,140 151 168
6922,019 065 071 076 090 127
6923,111
6925,015 057 110 145
6926,039
6928,111
6929,012 029 039 064 068 111 152 194
6931,140 151 168
6934,093 111
6937,160
6939,107
6941,111
6942,111
6943,087 107 114
6948,110
6949,039 188
6950,111 188
6955,114
6957,113 133
6959,022 026 033 045 091 108 129
6960,020 129
6963,029 039 092 111 128
6967,087
6971,090
6974,057 078 087 123 176
6975,111 123
6976,067 100
6986,019 090 127
6991,188
6993,111 123
6995,188
7000,060 095
7002,107
7004,093 111
7005,019 065 071 076 078 090 093 111 127
7006,067 070 100 129
7010,114
7012,111 188
7016,021 028
7021,093 111
7024,108 123 176
7025,110
7028,087 110
7029,087 110
7030,044 047 063 078 111 123
7031,111 123
7032,039
7034,111
7035,111
7037,087 110
7038,087 110
7039,113
7040,113
7042,044 047 063
7047,160
7051,092 128
7052,039
7057,087 107 114
7058,114
7059,020 126 129
7060,055
7061,140 151 168
7066,039
7067,107
7068,057 078 087 123 176
7070,093 108 111
7071,055
7072,140 151 168
7075,095
7076,124
7077,017 102
7078,093 108 111
7080,012 029 039 064 068 111 152 194
7082,015 057 110 145
7083,039
7087,017 102 110 124
7088,101 102
7093,060 101
7094,060
7097,110
7098,010 037 059 060 101 102 108 110
7099,006 007 008 009 022 023 026 028 033 045 050 056 070 075 091 092 100 101 106 108 115 126 132 143 150
7105,113 133
7106,047 087 119
7108,019 090 127
7109,020 129
7112,111
7113,090
7126,062 092 093 130
7129,107
7134,111 188
7135,111 188
7136,111
7137,111 188
7138,087 107 114
7140,114
7142,078 093 111
7143,042 065 071 076 078 093 108 111 176
7146,060 095 101
7147,060 095
7150,087
7152,039
7153,039
7158,114
7159,057 078 087 123 176
7164,019 090 127
7168,160
7169,039
7173,113 133
7178,055
7181,110
7188,055
7189,140 151 168
7195,140 151 168
7201,108 123 176
7204,039
7207,095
7209,006 007 022 026 091 092 108 115 132
7212,015 057 110 145
7214,034 166
7217,039
7220,021 028
7221,039
7222,160
7223,041 061 062 118
7229,039
7232,039
7243,078
7247,039
7248,039 160
7250,017 102
7252,012 039 064 068 111 152 194
7253,113 133
7255,029 039 092 111 128
7256,111
7257,087 107 114
7258,057 078 087 123 176
7260,188
7261,093 108 111
7262,019 065 071 076 078 090 127
7268,029
7270,057 078 087 114 123 176
7271,124
7272,101 102
7275,029 039 092 111 128
7277,111 188
7278,017 102 110 124
7279,010 037 059 101 102 108 110
7282,129
7284,047 087 119
7287,060 101
7293,060 101
7294,060 101
7295,029 039 092 111 128
7299,062 092 093 130 152
7300,065 071 076 093 108 111 176
7305,044 047 063
7307,108 123 176
7308,114
7309,107
7313,095
7315,108 123 176
7317,087
7319,055
7322,019 090 127
7326,140 151 168
7330,060 095 101
7333,110
7342,039
7348,087
7349,057 078 087 123 176
7350,015 057 110 145
7353,140 151 168
7355,055
7361,092 128
7362,111
7365,034 166
7372,108 123 176
7373,108 123 176
7374,029 039 092 111 128
7375,188
7380,152
7383,017
7385,111 188
7386,060 101
7387,060
7389,057 078 123 176
7390,108 123 176
7391,108 123 176
7394,044 047 063
7395,111
7396,114
7399,101 102
7402,095
7403,095
7407,108 123 176
7408,108
7410,041 061 062 118
7412,078
7413,078
7415,012 039 064 068 111 152 194
7417,113 133
7418,124
7419,010 037 059 101 108
7423,057 078 123 176
7424,108
7426,021 028
7427,042 093 108 111 176
7428,065 071 076 093 108 111 176
7429,047 119
7430,010 017 037 059 108 124
7432,006 007 008 009 022 023 026 028 033 045 050 056 070 075 091 092 100 101 106 108 115 126 132 143 150 152
7433,061 062 092 093 130 152
7434,055
7436,060 101
7437,060 101
7444,160
7452,160
7459,140 151 168
7461,110
7469,029
7472,107 114
7480,017
7486,101 102
7487,102
7488,102
7489,101
7490,055
7492,101
7494,075
7496,075
7498,075
7502,039
7503,092 128
7504,029 111 188
7506,075 101 152
7507,095 101
7511,152
7512,070 075 100 101
7513,152
7514,070 075 100 101 152
7519,070 075 100 101
7522,007 008 009 033 091 092 093 100 130 143
7527,140 151 168
7530,060 101
7531,101
7532,015 057 110 145
7534,034 166
7535,019 090 127
7537,057 078 123 176
7541,060 101
7546,039 092 111 128
7547,111 188
7551,109
7553,114
7554,111
7555,075
7556,108 123 176
7557,108 123 176
7558,109
7567,188
7569,108
7571,010 059 101 108
7577,078
7580,110
7581,055
7583,041 061 062 118
7586,019 065 071 076 127
7588,012 039 064 068 111 152 194
7589,108 123 176
7591,095
7595,060 101
7596,101
7597,060
7600,123 176
7601,057 078 123 176
7605,039
7606,047 119
7609,055
7611,110
7613,140 151 168
7617,106 140 151 168
7623,194
7626,123 176
7629,065 071 076
7636,114
7637,107 114
7638,034 166
7641,092
7643,029 092 111 128
7644,111 188
7649,015 057 106 110 140 145 151 168
7650,140 151 168
7653,029
7654,111 188
7655,037 124
7660,010 017 037 059 108 124
7666,123 176
7667,123 176
7672,029 111 188
7673,108 123 176
7674,108 123 176
7675,055
7676,019 090 127
7678,010 017 059 108
7679,078
7680,044 047 063
7683,019 065 071 076 127
7686,039 092 128
7692,012 039 064 068 111 152 194
7693,039 092 128
7696,029 111 188
7697,160
7698,039
7705,152
7707,039
7709,152
7710,152
7711,152
7713,070 100
7714,039
7715,160
7716,095
7720,039
7723,055
7725,123 176
7727,039
7728,039 160
7729,070 100 152
7730,152
7731,106
7733,109 194
7734,034 166
7737,106 140 151 168
7741,020 129
7746,110
7747,123 176
7753,010 059 101 108
7754,010
7755,015 057 106 110 145
7756,140 151 168
7759,095 101
7762,080
7766,078
7768,047 119
7771,107 114
7786,041 061 062 118
7787,012 039 064 068 111 152 194
7788,060 101
7790,109
7795,109
7796,109
7804,055
7807,075
7808,017
7816,060
7822,152
7824,102
7826,102
7829,010 101 108
7830,010 101 108
7831,065 071 076 090 127
7834,092 128
7838,029 111 188
7842,109 194
7843,034 166
7849,012 039 068 111 152
7851,055
7852,019 090 127
7853,078
7855,010 017 037 059 108 124
7857,106
7858,106 140 151 168
7860,106 140 151 168
7867,010 017 037 059 108 124
7868,017
7870,119
7875,109
7881,106
7886,080
7887,110
7888,055
7892,015 057 106 110 145
7895,109
7905,029 109 111 188
7910,008 009 045 075 101 106 108 132 150
7911,152
7912,095
7913,012 039 111 152
7919,047 119
7927,044 047 063
7931,064 068
7932,109 194
7933,008 009 045 075 101 106 108 132 150 152
7937,160
7947,008 075 101 106 108 132 150 152
7948,152
7951,109
7956,095 101
7957,012 039 111 152
7958,029 109 111 188
7959,111
7960,160
7962,029 188
7964,055
7966,008 075 101 106 108 150 152
7968,055
7969,065 071 076 090 127
7979,008 010 017 039 059 075 101 106 108 150 152
7981,105
7984,105
7985,106
7986,106 140 151 168
7988,106 140 151 168
7992,092 128
7995,034 166
8000,060 101
8001,012 039 111 152
8002,119
8006,092 128
8007,092 128
8008,078
8010,029
8012,008 010 017 039 059 075 101 106 108 109 146 150 152
8015,107 114
8017,109
8018,029 109 111 188
8023,019 090 127
8024,107 114
8025,010 017 039 059 101 106 108 111 150 152
8026,017 075
8030,015 057 106 110 145
8032,078
8034,010 039 059 101 106 108 111 150 152
8035,102
8036,109
8037,109
8039,047 119
8040,060
8041,012 039 111 152
8043,145
8050,010 017 039 059 101 106 108 111 150 152
8051,010 101 102 108
8056,010 017 039 059 106 108 111 150 152
8057,059 108
8061,012 039 106 111 152
8062,080
8064,041 061 062 064 068 118 194
8065,064 068 109 194
8067,042 065 071 076
8068,010 017 039 059 106 108 111 150 152
8069,010 017 037 059 108 124
8070,078
8074,010 039 059 106 108 111 150 152
8075,010 037 059 108 124
8076,012 039 106 111 152
8078,057 078 105
8079,078
8084,057 078 105
8085,119
8087,020 129
8100,105 108
8104,109
8107,047 119
8112,106 140 151 168
8113,106 140 151
8115,029 109 111 188
8129,008 009 045 075 101 106 108 132 150
8132,107 114
8134,029 109 188
8135,109 188
8137,119
8138,078
8142,042
8148,009 045 132
8151,034 065 071 076 166
8152,065 071 076
8157,105 108
8161,044 063
8163,055
8164,065 071 076 090 127
8165,160
8166,106 140 151
8168,109
8170,057 078 105
8174,065 071 076
8176,119
8185,015 057 106 110 145
8188,106 140 151
8189,145
8190,145
8193,047 078
8194,078
8195,065 071 076
8203,160
8204,106 109 140 151
8205,168
8206,106 140 151 168
8213,044 063
8215,042 065 071 076
8217,106 109 140
8218,041 062 064 068 109 118 194
8223,145
8228,019 090 127
8234,042
8236,029 109 111 188
8237,080
8239,092 128
8240,106 109 140
8245,047
8258,132
8259,092 128
8260,106 109 140
8261,119
8262,095
8263,109
8266,106 109 140
8267,108
8268,105 108
8270,010 017 059 100
8271,080
8272,057 078 105 146
8273,109 111
8275,057 078 105
8277,010 017 059 067
8278,067 070
8279,029 109
8280,106 109 140
8281,145
8290,107 114
8291,029 109 188
8292,106 109 140
8293,047 119
8295,010 017 059
8296,008 010 017 059 075 111
8297,188
8298,106 109 140
8299,057 078 105 146
8301,109
8303,109
8304,106 109 140
8306,075
8307,106 140
8308,029 188
8309,106 140
8312,109
8313,106 109 111 140
8316,047 119
8319,119
8320,119
8321,047 078
8322,034 076 166
8324,095 101
8325,106
8327,106 140 151 168
8328,110
8329,057 078 105 146
8331,102
8333,044 063
8334,047 078
8335,113 133
8340,015 057 106 110 145
8341,145
8345,102
8346,105 108
8349,008 056
8351,057 078 105 146
8359,150
8361,065 071 076 090 127
8364,060 101
8365,106
8367,037 124 150
8368,055
8369,065 071 076
8370,109
8371,106 109 111 140
8373,012 037 124 150
8375,057 078 105 146
8376,065 071 076
8377,042 065 071 076
8381,042
8382,145
8383,145
8385,012
8386,110
8387,057 078 105 146
8389,119
8390,060 106
8391,106
8396,042
8398,119
8399,132
8402,057 078 105 146
8406,057 078 105 146
8413,132
8416,057 078 105 146
8417,080 146
8418,146
8420,057 078 105 146
8422,119
8425,057 078 105 146
8427,105
8433,109 145
8434,019 090 127
8435,041 062 064 068 109 118 194
8436,106 109 111 140
8438,119
8439,057 078 105 146
8446,042
8457,119
8461,160
8462,106 140 151 168
8463,109
8464,099 106 109 140 151
8473,151 160
8474,099 106 109 140 151
8476,057 078 105 146
8478,106 109 111 132 140
8479,044 063
8481,099 106
8482,015 057 106 110 145
8483,109
8484,034 076 166
8485,042 076
8487,145
8488,109
8492,092 128
8493,099 106
8494,119
8495,119
8499,044 063
8500,099 109
8502,092 128
8503,099 106
8510,099
8511,168
8513,099 106 140
8514,047 057 078 105 146
8517,099
8519,067
8520,010 059 067 129
8521,099
8522,132
8523,029 109
8524,099 106 109 140
8527,105 108
8531,145
8533,132
8539,047
8543,029 109 188
8544,029 099 106 109 140
8549,095 106 109
8550,106 109 111 132 140
8552,042
8553,029 099 106 109 140 188
8554,029 099 106 109 140 188
8555,109
8556,029 099 106 109 140 188
8557,109
8558,055
8560,029 099 106 109 140 188
8561,029 188
8562,029 099 106 109 140 188
8565,029 099 106 109 140 188
8566,109 188
8567,029 099 106 109 140 188
8569,065 071 076
8570,132
8571,008 075 111
8575,065 076
8579,044 063
8582,107 114
8586,151 160
8589,106 110 145
8592,132
8593,075
8599,119
8607,080 146
8609,047
8611,095 101
8612,101 106 109 111 132 140
8613,111 132
8614,102
8616,020 129
8617,047 078 113 133
8621,110
8627,111 132
8628,102
8630,119
8634,099
8644,041 062 064 068 109 118 132 194
8648,074 099 180
8652,151
8655,015 057 106 110 145
8656,019 090 106 110 127 145
8657,111 132
8658,150
8659,145
8660,109 145
8663,008 009 026 045
8670,042
8674,119
8675,042
8676,060 101 106
8677,101 106 109 111 132 140
8678,111 132 150
8679,111 132 150
8685,119
8686,111 132 150
8687,037 124 150
8688,107 114
8690,105 108
8694,047
8695,008 009 026 045
8696,132
8701,145
8702,145
8706,105
8712,060
8713,109 111 132 140
8714,012
8715,111 132
8716,111 132
8717,012 037 124 150
8718,111 132
8719,009 026 045 099 109 132 140
8725,105 108
8729,044 063
8736,029 075 099 101 106 109 132 140
8738,107 114
8739,047 057 078 105 146
8740,009 026 045 099 109 115 132
8745,042 119
8749,028 117 161
8750,092 128
8752,055
8754,151 160
8758,009 026 045 099 109 115 132
8761,105
8762,047
8763,047
8764,099 109
8765,109
8766,065 071 076
8767,106 110
8768,065 076 109
8771,047
8773,008 009 026 045 099 109 115 132
8775,099 109
8777,042
8778,042 119
8785,008 009 026 099 109 115 132 140
8786,067
8787,047
8788,047
8795,008 026 109 132 140
8796,010 017 059 067
8798,029 075 099 101 106 109 132 140
8800,080 146
8802,008 026 109 132 140
8804,109 160 168
8806,110
8809,015 057 106 110 145
8810,145
8812,037 124 150
8813,029 075 099 101 106 109 132 140
8816,044 063
8821,008 026 109 132 140
8822,008 075 111
8824,029
8825,145
8826,019 090 127 145
8828,168
8830,107
8833,047
8836,026 109 132 140
8837,075 111
8842,105
8843,047
8844,092 128
8846,119
8847,042 119
8848,029
8849,029 099
8850,026 075 109 111 132 140
8852,026 102 111
8853,099 109
8858,105
8859,105
8860,145
8861,109 145
8868,047
8869,047
8870,075 099 109 132 140
8871,102
8872,029 075 099 101 106 109 132 140
8876,129
8877,105
8879,188
8880,029 099
8882,129 159
8883,105 108
8887,099
8889,029 075 132 140
8895,029 075 132 140
8897,145
8898,095 101 109
8901,029 099 188
8902,026 151 160
8906,151
8907,026 151
8909,093 130
8913,105 108
8914,107 114
8915,029 075 132 140
8916,037 124 150
8921,023
8922,006 023
8923,099
8926,029 099 188
8927,026 092
8928,029 075 099 101 106 109 132 140
8929,029 075 132 140
8930,012 037 124 150
8932,042
8934,029 099 188
8935,047 113 133
8936,047
8937,044 063
8938,047
8940,029 099 106 109 132 140
8941,012
8942,023
8945,119
8946,029 099 106 109 132 140
8947,060 109 140
8952,105 108
8953,105
8954,029 099 106 109 132 140
8955,060 101 109
8957,055 109
8958,099 109
8959,029 099 101 106 109 132 140
8960,095 101
8961,029 099 101 106 109 132 140
8965,029 099 188
8966,047
8968,109
8970,047
8974,019 090 092 127
8975,023 099
8977,042 109 119
8978,076 106 110
8979,065 071 076
8980,024 145
8981,024 145
8987,109 119
8989,044 063
8990,063
8991,015 024 057 106 110 145
8992,065 076 109
8995,107
8996,023 099
8998,092 128
9000,041 061 062 064 068 075 101 118 132 188 194
9001,188
9008,113
9009,080 146
9011,109
9015,113
9018,019 090 092 127
9021,026
9022,023 099
9025,105
9029,075 101 132
9033,026 151 160
9034,019 090 127 145
9035,019 024 090 127 145
9042,105
9043,034 109 166
9045,047
9047,168
9048,019 090 092 127
9051,101
9052,075 101 132
9053,105 107 108 114
9057,023 099
9059,105
9061,113
9062,113
9064,113
9070,026 092 151
9071,026
9072,045
9073,023 099
9079,105
9082,019 090 109 127
9083,044 063
9085,024
9086,119
9090,023 045 099
9091,009 067
9093,019 090 092 127
9096,095 101 132
9097,075 132
9100,105 108
9102,145
9103,024 109 145
9108,045
9109,009 010 017 059 067
9110,042 109
9111,042 119
9113,145
9114,047
9116,017
9120,113
9121,109 160 168
9122,019 090 092 127
9125,047
9128,109 119
9132,008 026 075 111
9133,092 128
9141,080 146
9152,008 026 075
9153,111
9157,019 090 092 127
9158,034 109 166
9160,129 159
9161,042
9162,042
9165,119
9166,119
9168,065
9171,023 026 029 075 099
9172,026 102
9175,015 024 057 076 106 110 145
9176,065 071 076
9178,109
9179,109 119
9182,105 107 114
9183,105 107
9186,029 099
9187,076 106 110
9189,107
9190,105
9191,023 029 075 099 109 140
9192,029 102
9193,090 145
9194,024 145
9195,129
9196,006 026 050 195
9198,026 151 160
9199,019 090 092 127
9201,029 099
9204,019 024 071 090 109 127 145
9209,029 075 099 109 140
9212,029 075 099 109 140
9216,019 090 092 099 109 127
9217,019 090 109 127
9220,063
9222,029 075 099 109 140
9223,080 146
9225,006 026 050
9226,006 023
9227,099
9228,026
9230,105
9231,029 075 099 109 140
9232,029 037 124 150
9233,024 145
9234,019 024 071 090 109 127 145
9235,105 108
9236,114
9238,113
9239,029 099
9240,029 099
9244,047
9248,024
9250,029 075 099 109 140
9251,012 037 124 150
9252,080 146
9253,047
9256,092 151
9257,019 026 090 092 127 128
9258,055 109 119
9261,110
9264,008 111
9266,024 145
9270,019 090 092 099 109 127
9271,006 023
9273,029 075 099 109 140
9274,012
9276,041 061 062 064 068 075 101 118 132 188 194
9277,029 099
9282,055 109 119
9298,029 075 099 109 140
9299,060 109 140
9300,105
9302,110
9304,026 092 128
9305,026 092 128
9311,029 075 099 101
9313,006 023
9321,019 090 109 127 145
9322,019 090 109 127
9323,029 075 099 109
9324,060 109
9329,113
9331,029 075 099 101
9335,006 023
9339,029 075 099
9340,095 101
9343,044
9346,113
9349,047
9351,029 075 095 099 101
9352,075
9354,026
9355,006 023 180
9361,029 075 099 101
9362,075 095 101
9363,029 075 099 101
9364,024 145
9365,019 024 071 090 109 127 145
9374,047 110
9375,006 023 180
9381,055 109 119
9382,015 024 057 076 106 110 145
9388,006 023 180
9390,168
9397,065 071 076
9398,055 109 119
9399,105 108
9401,024 057
9402,109
9404,006 023 180
9411,090 145
9412,065
9413,113
9414,105 107
9415,105 107
9417,017
9421,044 063
9425,047
9426,047
9427,092 128
9430,105
9433,024
9438,008 111
9440,108 114
9442,076 106 110
9443,109 119
9444,024 092 099 124 145
9445,024 145
9448,024 057 105 146
9453,008 029 111 115
9454,145
9455,019 024 071 090 092 099 109 124 127 145
9456,080 146
9459,109 160 168
9464,026
9475,145
9476,019 024 071 090 092 099 109 124 127 145
9478,029 115
9479,023 026 102 109 140
9489,042
9492,044 063
9493,047 110
9495,019 090 092 099 109 127
9496,019 090 109 127
9499,029 115
9500,023 029 102 115
9506,105
9510,084 134
9517,099
9521,113
9524,084 134
9525,084 134
9531,084 134
9532,105 108
9533,107
9534,129
9535,004 159
9536,041 061 062 064 068 075 101 118 132 188 194
9539,063
9540,024 057 105 146
9541,145
9542,024 076 106 110
9543,055 119
9551,026 128 151 160
9554,129 159
9557,037 124 150
9559,024
9565,075
9567,006 026 050
9568,080 146
9569,124
9570,012 037 124
9571,108
9574,084 134
9578,015
9579,015 024 057 076 106 110 145
9580,024 076 119
9581,019 090 127 151
9585,047
9590,026
9593,099
9594,019 024 071 090 092 099 109 124 127
9595,019 024 071 090 092 099 109 124 127
9598,124
9599,012
9605,075
9606,105 107 108
9607,105 107
9611,024
9616,047
9617,084 134
9621,113
9625,063 109 135
9626,019 024 071 090 092 099 109 124 127
9627,060 124
9628,060
9633,090
9634,065 071
9638,060
9639,105 107
9640,105
9642,084
9646,108 114
9648,095
9649,015 024 057 076 106 110 119 145
9650,015 024 055 057 076 119
9651,075 095
9652,075
9655,092 099 124 145
9656,065 145
9657,075 095
9658,075
9660,024 084 134
9661,084 134
9662,044
9663,024 057 105 109 135 146
9667,019 024 071 090 092 099 109 124 127
9668,047
9669,047
9670,024 057 076 106 110
9675,105
9679,145
9680,024 145
9681,024
9682,024
9690,108
9692,024
9694,108
9696,047
9697,047
9698,108
9699,108
9701,080 146
9707,107 108
9710,108
9711,108
9712,092 128
9715,019 024 071 090 092 099 109 124 127
9716,108
9726,107
9727,008 111
9728,024 113 133
9729,024
9735,107
9740,026
9741,024 057 105 109 135 146
9742,107
9744,168
9745,024 071 090 092 099 109 124 127
9750,092 099
9751,145
9752,084 134
9756,017 100
9757,063
9758,024 057 063 105 109 135 146
9760,015 055 119
9764,099
9766,024
9768,015 055 119
9771,092 099 145
9780,015 055 119
9783,024 071 090 092 099 109 124 127 168
9784,024 029
9785,008 029 111 115
9787,042
9788,047
9793,113
9799,084
9800,084
9801,024
9802,006 023 026 102 109 115 140
9810,113
9813,044
9814,024 057 105 109 135 146
9815,024 057 076 106 110 145
9816,076
9819,109 160 168
9820,024 071 090 092 099 109 124 127 168
9827,140 146 180
9828,063 109 135
9829,044
9830,024 057 076 106 110
9840,047 084
9841,024 084 134
9842,006 023 024 026 115 180
9843,023 102
9846,063 109 135
9849,071 092 099 124 145
9850,024 145
9851,107
9856,108 114
9858,026
9859,024 071 092 099 124 145
9860,024
9864,084 134
9865,084
9867,109 135
9868,090 109
9869,015
9870,107
9872,026 071 090 092 099 124 127 168
9873,006 024 026 115 180
9875,047
9878,024 026 124 180
9881,126 140 146 180
9884,145
9885,065 071
9886,134
9889,065 092 145
9891,047
9892,084 134
9895,140 146 180
9896,006 026 050
9899,006 024 026 115 180
9900,024 026 037 115 150 180
9901,037 124 150
9904,025
9907,024
9908,024 026 115 124 180
9909,012 037 124
9910,024 026 115 124 180
9911,024 026 115 124 180
9912,006 026 050 140 146 180
9914,026 128 151 160
9915,024 026 071 090 092 099 124 127 168
9916,015 119
9918,024 026 124 180
9919,080 146
9922,015
9923,015 119
9926,024 063 109
9929,012 060
9931,025
9934,006 026 050 140 146 180
9936,025
9940,024 026 115 124 180
9941,124
9945,024 026 060 115 124 180
9946,060
9949,044
9950,024 026 115 124 180
9951,095
9953,019 090 127 151
9954,024 026 071 092 099 124 168
9956,024 063 109
9957,006 026 050 109 115 140 146 180
9961,041 061 062 064 068 075 101 118 132 188 194
9962,024 026 124 180
9963,047
9964,024 057 105 109 135 146
9965,024 026 095 115 124 180
9966,095
9972,024 026 115 124 180
9976,006 026 050 109 115 140 146 180
9979,024 026 115 124 180
9981,015 055 119
9982,024 026 115 124 180
9983,095
9984,024 026 115 124 180
9986,026 071 092 099 124 128 168
9993,024 057 076 106 110
9994,076
9996,063 109 135
9998,024 057 106 110
9999,042
10000,063 109
10002,024
10003,024 063 109
10004,006 026 050 109 115 140 146 180
10006,024 124 180
10011,113
10014,134
10017,042 145
10018,024 047 057 105 109
10020,113
10022,015 055 119
10025,071 092 099 124 145
10026,065 092 145
10027,024
10031,006 026 050 109 115 140 146 180
10033,092 128
10034,026 071 092 099 124 128 168
10037,024 113 133
10038,024 063 109
10042,024 057 105 109
10043,006 026 050 140 146 180
10044,100
10045,006 026 050 140 146 180
10049,047
10050,024 047 057 105
10051,080 146
10052,108 114
10054,084
10055,047 084
10057,113
10058,145
10059,015 119
10061,006 024 026 050 140 146 180
10068,025
10069,084 134
10070,084
10071,099
10072,024 026 071 099 124 168 180
10073,063 109
10075,113 133
10079,047 084
10080,024 084 134
10081,006 024 026 050 140 146 180
10082,008 024 029 111
10083,024
10084,145
10087,025
10088,063 109 135
10090,065 071
10091,047
10093,025
10095,044
10098,071 124
10099,006 024 026 029 050 111 115 140 146 180
10100,008 029 111 115
10104,024 071 124
10106,024 084 134
10107,025
10108,025
10110,024 071 124
10113,006 024 026 050 109 140 146 180
10114,006 023 024 026 050 102 109 140 146 180
10115,023 102 109 140
10117,024 026 071 124 168 180
10119,024 071 124
10122,100
10123,024 057 105
10124,063 109 135
10131,074
10132,026 071 124 146 168 180
10135,024 057 105
10136,084 134
10138,084 124 134
10145,024 057 110
10147,006 024 026 050 146 180
10148,023 024 102
10150,024 071 124
10151,024 124 180
10152,024 026 071 124 146 168 180
10153,026 071 124 146 168 180
10155,024 057 110
10156,024 026 071 124 168 180
10159,024 057 076 106 110
10160,042 106
10162,109
10165,047 084
10166,084
10168,024 071 124
10169,062 093 126 130
10170,006 050
10171,006
10172,080 108 114 146
10175,024 026 071 124 146 168 180
10177,085
10180,024
10181,113
10182,071 099 124 145
10183,065 071
10184,024 057 110
10186,024 071 124
10187,024 071 124 145
10189,024 071 124
10190,085
10194,015 119
10195,065 145
10199,006 050
10200,006 037 150
10202,108
10203,019 024 090 127 128 151
10205,042 145
10206,109
10207,024 057 105 135 146
10211,024
10215,024 026 071 124 146 168 180
10218,063 109
10220,024
10221,047
10222,044
10223,006 050
10224,012 024 037 124
10227,134
10231,024 026 060 115 124 146 180
10232,024
10233,024 026 060 115 124 146
10234,012 060
10236,034 110 166
10241,026 160 168
10242,024 071 124
10243,024 026 060 115 124 146
10244,024 060
10247,109
10248,047 109
10251,145
10252,015 055 119
10253,128
10255,024 026 060 115 124 146
10256,024 060
10260,015 099 119 124 145
10261,015 119
10262,024 041 061 062 064 068 075 101 115 118 132 188 194
10263,024 026 071 124 146 168 180
10266,025 107
10267,025
10268,084 134
10269,084
10272,024 026 115 124 146
10274,071 145
10280,024
10281,047
10282,084
10283,024 057 110
10284,024 026 115 124 146
10285,024 095
10288,021 025 028
10289,063 109 113 133 135
10290,063 109 113 133
10291,024 026 124 146 180
10295,025
10300,024 026 115 124 146 180
10301,024 095
10302,024
10303,024 071 124 160 168
10304,063 109 135
10306,180
10308,084 124
10309,024 084 134
10310,024 026 115 124 146 180
10311,024
10314,024 026 115 124 146 180
10315,024
10316,024 026 124 146 180
10317,047 084
10324,084 110 124 134
10326,063 109
10327,024 057 076 106 110
10332,180
10336,024
10337,084 124 134
10338,024 084 124 134
10339,019 024 026 090 127 128 151 160
10340,024 071 124 160 168
10342,042 076
10345,029 050 146
10349,024 029 050 146
10353,099 124 145
10355,029 050 146
10358,025
10359,024
10361,180
10362,180
10365,024 057 105 110 135 146
10366,029 050 146
10367,100
10369,047
10375,047
10376,044
10377,029 050 146
10379,080 108 114 134 146
10380,085 134
10381,047
10384,134
10385,024
10390,108
10392,019 024 090 127 128 151
10393,024 071 124 168
10397,024 124 180
10398,024 124 180
10399,029 050 146
10400,008 024 029 111
10402,146
10405,063 109
10406,113
10408,134
10412,057 135 146
10413,092 099 124
10414,042 145
10417,050 146
10419,034 109 166
10421,074
10430,134
10433,024 124 180
10435,024
10436,047 084
10437,084
10438,063 109 135
10439,063 109 113 133
10440,074 105 129 159
10441,074
10442,128
10443,024 071 124 128 168
10445,050 146
10446,023 102
10448,109
10449,063 109 113 133 135
10451,109
10455,134
10459,025 107
10460,025
10461,024 057 110
10464,024
10469,105 129 159
10470,007 008 022 028 033 126 129 143
10471,050 146
10472,023 102
10473,057 135 146
10476,024 057 076 106 110
10478,024
10479,024
10486,145
10491,050 146
10493,063 109
10495,084 124
10496,084
10497,180
10498,024 071 124 168 180
10499,063 109 133 135
10501,080 085 114 134 146
10502,076
10505,047
10509,047
10511,050 146
10512,006 037 150
10513,145
10515,025
10516,099 124 145
10517,041 061 062 064 068 075 101 115 118 132 168 188 194
10519,024
10521,047
10524,015 055 119 145
10528,085
10529,115
10532,084 124 134
10533,024 084 134
10537,057 135 146
10538,060 146
10539,006 012 037 050 060 150
10540,134
10542,024 071 124 168 180
10544,024 028 029 050 091 111 146
10550,042 076
10552,024
10553,084 110 124 134
10558,146
10559,012
10560,092 099 124
10562,080 085 114 134 146
10563,134
10564,063 109
10567,108
10568,092 105 124 146
10574,024 071 124 168 180
10575,063 109 133 135
10576,109 113
10577,146
10584,057 135 146
10585,042 092 099 105 124 135 145 146
10586,042 092 099 124 145
10590,029 050 091 111 146
10591,057 135 146
10595,134
10596,124
10609,026 160
10611,146
10613,024 057 110
10616,134
10619,063 109 133 135
10624,160
10626,047
10628,019 090 127 128 151
10629,160
10630,019 026 090 127 128 151 160
10631,160
10634,134
10636,146
10639,028 091
10640,134
10642,091
10644,146
10645,095
10647,113
10648,047
10650,091
10653,025 107
10657,024 071 124 168 180
10658,024 057 076 110
10660,085
10661,108
10662,047
10663,044
10664,091
10666,025 107
10667,025
10668,047
10670,009
10671,009 067 129
10673,024 057 105 110 135 146
10674,146
10675,115
10677,024 084 124 134
10678,063 109
10680,076
10681,106
10682,092 105 124 135 146
10683,092 099 124
10684,024
10687,008 024
10688,115 146
10691,113
10694,015 055 105 119 145 146
10695,065 145
10696,008
10698,024 124 180
10699,024 071 124 168 180
10702,115 146
10703,115
10704,024 084 124 134
10706,124
10708,008
10710,024 057 105 110 135 146
10712,085 114
10718,029 050 091 111 146
10719,008
10720,023 102
10721,133 135
10723,071 146
10725,080 085 114 146
10726,124
10731,055 145
10732,063 109
10734,024 057 110
10735,024 057 105 110 135 146
10737,042 092 099 124 135 145
10738,092 099 124
10739,092 099 124
10745,024 071 124 180
10746,134
10749,023 102
10752,047
10754,071 146
10755,041 057 061 062 064 068 075 101 115 118 132 168 188 194
10760,008 022 028 126
10765,080 085 146
10766,085
10768,092 105 124 135 146
10769,042 076
10776,047
10777,071
10779,063 109 133 135
10782,050
10789,071
10791,019 026 090 127 128 151 160
10794,019 090 127 128 151 160
10799,006 037 050 060 150
10800,071
10801,024 124 180
10802,047
10804,024 071 124 180
10807,015 105 119 145 146
10808,107
10810,134
10811,134
10815,047
10817,024 057 076 110
10821,107
10822,025
10823,180
10826,025
10830,012 037 060 150
10831,047 109
10833,124
10835,024 057 076 110
10836,024 057 105 110 135 146
10840,113
10841,180
10842,146 180
10847,105 135 146
10848,024
10849,084 110 124 134
10851,024
10852,076 092 099 105 124 135 146
10855,029 050 091 111 146
10857,012
10859,080 085 146
10860,108
10861,180
10862,146 180
10863,105
10866,047
10868,063 109 133 135
10875,133 135
10877,134
10878,134
10879,124
10881,047 109
10886,055 145
10887,105
10892,042 092 099 124 135 145
10894,076 106
10895,063 109
10897,024 084 124 134
10898,024 084 124 134
10899,047
10902,146
10904,105 146
10909,105
10910,028
10911,134
10913,022 050 056 091 105
10915,029 050 091 105 111
10917,044
10920,019 026 090 127 128 151 160
10921,146
10923,146
10924,026
10926,105 146
10928,105 146
10929,028 105
10931,019 090 127 128 151 160
10932,146
10933,105 146
10935,085 114
10936,105 146
10937,146 180
10938,146
10939,063 109 133 135
10940,113
10941,047
10942,113
10943,028 105
10950,146
10951,076
10953,076 092 099 124 135 146
10954,076 106
10955,105
10958,025
10959,034 110 166
10962,085 114
10963,080 085 108 146
10967,124
10969,107
10970,107
10973,107
10976,105 135 146
10979,105 146
10982,105
10983,024
10986,008 022 028 105 126
10987,022 050 056 091 105
10993,025
10994,047
10997,071 115
10998,134
11000,007 008 105
11005,047 109
11007,024
11009,007 008 098 105
11014,109
11015,076 099 106 124 135 146
11016,105 135 146
11017,065 145
11021,007 008 098 105
11022,008 023 102
11023,071
11027,168
11028,146
11036,133 135
11037,113
11038,076 099 106 124
11039,007 008 098 105
11040,023 102
11041,022 050 056 091 103 105
11042,015 105 119 145 146
11044,055 145
11045,145
11046,042 092 099 124 135 145
11048,092 099 124
11052,047
11054,071
11055,041 057 061 062 064 068 071 075 101 115 118 132 146 168 188 194
11057,063 109 133 135
11058,113
11060,063 109
11061,084 110 124 134
11063,024 029 050 091 105 111
11064,105 146
11065,105 146
11066,105 146
11071,134
11073,146 168
11075,134
11076,134
11077,007 008 098 105
11078,050
11080,024
11081,146 168
11084,146 168
11085,047
11086,113
11087,146 168
11090,007 008 050 060 098 105
11091,006 037 050 060 150
11092,063 109 133 135
11094,146 168
11095,025
11096,025
11097,109
11099,146 168
11100,007 022 050 056 091 103 105 126
11106,063 109 133 135
11108,105 146
11109,007 008 060 098 105
11110,012 037 060 150
11112,107
11113,076
11116,124
11119,092 105 135 146
11120,022 050 056 091 103 105 126
11122,028
11127,107
11128,107
11129,007 008 098 105
11130,012
11131,134
11136,063 109 133 135
11147,034 110 166
11148,080 085 108 146
11150,007 008 090 098 105 151
11155,047
11158,044
11159,044
11160,015 105 119 145 146
11163,085
11164,085 114
11168,092 105 135 146
11169,047 109
11171,024
11173,007 008 090 098 105 151
11175,076 099 106 124
11177,047
11183,047
11184,113
11186,085 114
11190,092 099 124
11191,092 099 105 124 135 146
11192,007 008 090 098 105 151
11194,024
11195,107
11202,044
11204,133 135
11205,113
11206,092 099 105 124 135 146
11209,109
11211,109
11213,047
11217,007 008 090 098 105 151
11222,109 135
11226,022 024 028 029 056 091 103 105 111 126
11227,180
11228,180
11230,146
11231,019 090 105 151
11232,019 090 127 128 151 160
11236,025
11237,134
11238,134
11239,007 008 090 098 105 151
11241,065 145
11243,019 090 105 151
11244,019 026 090 127 128 151 160
11246,092 099 124
11250,124
11251,109
11253,007 008 024
11254,105 146
11258,025
11259,107
11260,024 056 064 091 103 105
11262,007 008 090 098 105 151
11264,105 146
11265,026 105
11269,105 146
11271,076
11273,107
11274,107
11277,106
11280,105 146
11282,105 146
11285,007 008 098
11286,007 008 090 098 105 151
11289,113
11290,105 146
11291,133 135
11293,008 024 028 056 064 086 091 103 105
11295,015 065 105 146
11296,105 146
11298,105 146
11299,015 105 119 146
11300,015 105 119 146
11302,015 105 119 146
11303,065
11304,015 105 119 146
11305,015 065 105 119 145 146
11306,007 008 090 098 105 151 168
11309,015 105 119 145 146
11313,042 092 099 124 135 145
11314,055 105 145 146
11315,055 145
11316,055 105 145 146
11317,055 105 145 146
11318,008
11319,023 102
11320,092 099 105 124 135 146
11322,063 133
11324,007 008 024 028 056 064 086 091 103 105
11326,047
11328,099 106
11330,007 008 064 090 098 105 151 168
11331,041 057 061 062 064 068 071 075 101 115 118 132 168 188 194
11334,109 135
11335,063 084 110 124 134
11336,008 022 028 103 105 126
11337,008 022 028 105 126
11338,008 022 028 029 064 086 105 111 126
11341,021 028
11342,113
11343,047 110 113
11344,113
11345,007 008 024 028 056 064 086 091 103 105
11349,008
11350,008 023 102
11351,080 085 108 146
11353,007 008 022 028 029 056 064 086 091 105 111 126
11354,024
11355,024
11360,092 099 124
11362,135
11363,007 008 024 056 064 086 103 105
11365,047 109
11367,008
11373,044
11374,133 135
11376,007 008 022 028 029 056 064 086 091 105 111 126
11377,022 024 028 029 091 105 111 126
11380,107
11381,076
11382,007 008 024 064 086 105
11384,015 065 119
11387,047
11389,092
11390,135
11391,007 008 056 060 064 086 098 105
11392,008 060
11395,007 008 024 064 086 105
11398,085 114
11400,068 075 101 132
11403,109
11405,109
11409,135
11414,008 012 037 060 150
11416,025
11417,047 110 113
11419,007 008 056 060 064 086 090 098 105 151
11420,006 008 037 050 060 150
11421,007 008 024 064 086 105
11422,007 008 024
11425,007 008 056 064 086
11427,090 105 151 164
11430,085 114
11431,135
11433,025
11434,025
11437,107
11438,107
11440,099 106 124
11442,007 008 064 090 098 105 151
11443,008 012 090 151
11444,109
11446,103
11447,019 090 105 151 164
11448,007 008 041 057 061 062 064 068 071 090 098 105 115 118 132 151 188 194
11449,006 007 008 037 050 056 060 064 090 098 105 150 151
11451,007 008 064 086 098 105
11452,007 008 098
11453,047
11455,007 008 056 064 086
11456,008 024 086
11458,110 113
11459,135
11460,007 008 019 031 032 071 090 098 105 115 129 151 164
11466,019 090 105 151 164
11468,099 106
11470,007 008 064 090 098 105 151
11472,007 008 056 064 086 098 105
11473,023 102
11475,113
11476,109 135
11477,007 008 056 064 086
11480,099 106 124
11481,135
11482,124
11486,063 133
11487,063 084 110 124 134
11489,015 119
11490,019 090 105 151 164
11494,007 008 056 064 086 098 105
11495,008 023 102
11496,007 008 056 060 064 086 098 105
11497,047 110 113
11499,007 008 086 090 098 151
11500,008 090 151
11501,076
11503,007 008 056 064 086
11504,024 091
11505,135
11507,044
11512,019 090 105 151 164
11513,180
11514,047 109
11519,085 114
11520,007 008 086 090 098 151
11521,008
11526,135
11527,109
11530,007 008 056 064 086 091
11532,099 106 124
11534,019 090 105 151
11535,019 090 105 151 180
11540,109 135
11542,107
11543,107
11544,007 008 056 064 067 086 098
11549,065
11551,007 008 056 064 086 098
11554,007 008 086 090 095 098 151
11555,008
11556,019 090 105 151
11557,019 090 127 128 151 160
11560,047
11561,113
11562,080 085 108 146
11564,133 135
11566,099 106 124
11567,106
11570,007 008 056 064 086 098
11571,007 008 098
11573,019 026 090 105 127 128 151 160
11574,007 008 064 086 090 098 105 151
11575,008 095
11576,109
11577,109 135
11578,025
11579,135
11581,109
11582,109
11583,098
11584,098
11585,076
11588,007 008 064 086 090 098 105 151
11589,008
11591,085 114
11592,105
11595,025
11596,025
11597,025
11598,107
11602,113
11604,109
11606,063 084 110 124 133 134
11609,099 106
11613,019 090 105 151
11614,019 026 090 105 127 128 151 160
11615,109 135
11617,135
11623,060
11624,023 102
11625,007 008 064 086 090 098 105 151
11626,008 168
11630,060
11631,026 105 127 128 160
11632,060
11633,008 023 060 102
11634,007 008 064 086 090 105 151
11635,008 064 098
11636,047 109
11639,110
11645,085 114
11646,124
11650,008 029 064 086 111
11651,047 110 113
11653,008 056 060 064 086 090 151
11654,008 060 090 151
11655,109 135
11656,109 135
11657,105
11658,026 105
11661,135
11663,047
11665,007 008 064 086 090 105 151
11666,008 041 057 061 062 064 068 115 118 129 132 188 194
11667,109 135
11671,109 135
11674,044
11675,076
11677,015 119
11679,022 086 126
11680,008 056 060 064 086 090 151
11681,092
11682,110
11688,015 065 119
11689,007 041 057 068 105 132
11690,110
11693,107
11697,022 024 086
11703,135
11705,022 024 126
11708,015 065 119
11709,085 114
11710,099 106
11716,007 041 088 098 105 164
11717,007 008 031 032 090 098 105 151 164
11720,110 113
11721,047 109
11722,007 008 031 032 041 090 105 151 164
11723,075 101 132
11725,135
11726,099 106 124
11728,006 008 050 056 060 064 086 090 150 151
11729,006 012 037 050 150 151
11734,022 024 126
11737,133 135
11738,063 084 110 124 133 134
11739,047
11740,113
11743,109
11745,055 145
11746,135
11748,022 024 126
11749,007 008 031 032 041 075 090 105 151 164
11750,090 105 151 164
11751,008 037 056 064 086
11752,012 090 151
11753,008 022 024 126
11755,008 024 086
11759,085 114
11763,110
11765,109 135
11772,008 064 086 090 151
11773,008
11777,008 019 075 086 090 105 151 164
11779,025 080 085 108 146
11780,025
11781,025
11782,025 107
11784,135
11786,086
11788,109 135
11789,109 135
11790,135
11794,008 064 086 090 151
11795,008 090 151
11798,047 109
11801,132 164
11802,164
11805,024
11807,044
11808,135
11809,135
11813,076 099 106 124
11815,047
11816,085 114
11817,008 064 086
11818,008 095
11829,047 110 113
11830,113
11832,025
11833,164
11841,009 067 091 098
11843,135
11844,135
11850,109 135
11852,076
11853,076
11854,055 145
11855,042 055 092 124 135 145
11856,099 106 124
11858,135
11860,098
11862,008 064 086
11863,008
11864,124
11865,109
11866,026 105 127 128 160
11868,015 065 119
11869,065
11870,065
11871,057 164
11872,164
11874,109
11875,047 109
11877,098
11880,085 114
11881,025
11882,107
11883,110
11884,063 084 110 124 133 134
11888,015 119
11889,008 064 086
11890,008 095
11893,135
11897,110
11898,110 113
11900,098
11901,109 124
11903,019 090 105 164
11904,164 180
11906,135
11914,008 064 086
11915,008
11917,098
11918,060 098
11919,008 019 086 090 103 105 132 151 164
11920,019 090 151 180
11922,047 085 114
11923,076 099 106 124
11929,047
11930,110
11931,135
11933,109 135
11935,110
11937,098
11938,023 102
11939,008 064 086
11940,008 168
11941,008 086 103 105 132
11942,127 128 160
11945,129
11946,025 080 085 108 146
11947,025 107
11949,065
11951,135
11954,008 064 086
11955,008 064 098
11959,023 060 102
11960,026 105
11961,103 111 129
11963,076
11967,109 135
11972,109 124
11974,099 106 124
11977,008 029 064 086 111
11978,008 029 064 086 111
11981,008 064 086
11982,008 041 061 062 064 115 118 129 188
11986,044
11988,085 114
11997,109
12000,034 166
12001,110 113
12007,022 086 126
12011,076 099 106 124
12013,092
12014,092
12019,008 086
12020,088
12023,047 109
12024,047 085 114
12025,124
12027,135
12028,135
12030,006 050 150
12033,063 084 110 124 133 134
12034,047 110
12035,113
12036,008 022 024 086 126
12037,022 024 086
12038,135
12042,109 135
12044,109 124
12046,092
12048,008 086 088
12049,007 008 101 132
12051,008 086 088 103 105 132
12052,026 105 127 128 160
12056,015 065 119
12057,008 022 024 126
12058,008 022 024 126
12059,015 065 119
12060,015 065 119
12064,012 037 050 056 150 151
12067,025
12068,025 107
12069,025
12070,025
12072,026 105
12073,008 086 088 132
12074,007 031 032 041 075
12076,025
12081,008 022 024 126
12082,008 022 024 086 126
12083,008 024 086
12088,168
12089,012 037 056 090 151
12095,008 086 088 132
12099,135
12100,034 110 166
12101,110
12104,109 135
12108,085 114
12109,024
12110,086
12111,076 099 106 124
12114,002
12118,109 124
12120,168
12125,044
12129,110
12130,113
12131,135
12133,047
12135,099 106 124
12137,024
12138,024
12139,076
12144,168
12146,047 085 114
12149,124
12150,065
12151,065
12156,098 129
12158,008 031 032 075
12162,164
12163,168
12164,095
12166,135
12167,092
12169,098
12172,015 065 119
12175,124
12176,124
12178,098
12180,113
12181,076 099 106 124
12182,076
12185,109 135
12186,109
12187,168
12190,109
12191,002
12196,047
12197,085 114
12201,025
12202,025 107
12207,098
12208,098
12211,047 110
12212,110
12217,109 135
12219,025 080 085 108 124 146
12220,025 107
12221,008 026 086 105 132
12224,168
12225,095
12228,053 124 135
12233,135
12234,002
12243,002
12245,098
12246,060 098
12247,168
12250,076 099 106 124
12251,109 124
12252,047 085 114
12256,103 164 180
12263,103 111
12268,053 124 135
12270,025
12271,025 107
12272,099 106 124
12274,168
12275,168
12278,103
12279,023 098 102
12284,044
12285,002 103 111
12286,008 029 033 061 062 064 086 093 111 130 143 152 159
12287,025
12288,025
12289,168
12290,098
12293,047 109
12294,047 085 114
12298,098
12299,023 060 102
12300,002
12302,002 111 129
12304,053 124 135
12305,135
12306,135
12309,047
12310,063 084 110 124 133 134
12313,110
12314,113
12315,002 008 022 024 086 103 126
12320,041 061 062 101 115 118 129 188
12321,109 135
12322,076 099 106 124
12324,002 008 022 024 086 103 126
12329,008 086 132
12332,025
12334,164 180
12335,002 008 022 024 086 103 126
12336,008 022 024 086 126
12338,115
12347,099 106 124
12356,006 050 150
12357,002 008 022 024 086 103 126
12359,008 026 086 105 132
12360,026 105
12361,115
12362,007 101
12363,008 086 132
12366,047 109
12367,025
12370,124
12374,008 022 024 086 126
12375,022 024 126
12376,103 168
12377,012 037 050 056 150 151 168
12379,007 031 032 041 075
12380,085 114 124
12383,053 124 135
12384,124
12385,135
12388,113
12392,044
12397,047 110
12399,025
12400,025 107
12404,015 065 119
12405,008 022 024 086 126
12406,008 022 024 086
12408,047 085 114
12410,042 055 135 145
12411,056 103 168
12412,012 037 056 090 151
12415,099 106 124
12418,127 128 160
12421,047 109
12424,109 135
12427,109
12432,008 022 024 086 126
12433,008 022 024 086 126
12434,086
12439,002 056 103 168
12441,076 099 106 124
12442,076
12443,053 124
12444,124
12447,002 103
12450,113
12453,002 056 103 168
12456,053 124 135
12457,080 085 108 124 146
12459,076 099 106 124
12461,031 032 075
12466,008 086 132
12467,164
12468,103
12470,002 056 103 168
12471,095
12478,103
12480,047
12482,103
12483,098
12484,047 109
12489,124
12490,002 056 103 168
12492,098 103
12497,127 128 160
12498,124
12499,085 114 124
12504,025
12506,047 109 124
12507,047 085 114
12509,008 026 086 132
12511,025
12512,025 107 124
12514,002 056 103 168
12515,095
12517,053
12518,053
12521,098 103
12522,098
12523,135
12528,002 056 103 168
12531,099 106
12533,044
12536,080 085 108 124 146 181
12538,015 065 119
12539,008 086 132 164
12541,098 103
12542,060 098
12543,002 056 103 168
12544,168
12546,015 065 119
12549,047 109
12557,002 056 098 103
12558,098
12561,109 135
12562,047 110
12563,063 084 110 124 133 134
12569,002 056 103
12570,041 061 062 101 115 118 129 188
12573,124
12574,124 181
12575,098 103
12576,023 102
12577,002
12579,047 109 124
12583,002 129
12584,103
12585,084 181
12587,109 135
12588,109 135
12589,025
12590,025 107
12599,008 086 132 164
12600,103 164 180
12605,099
12607,098 103
12608,023 060 098 102
12611,047 109
12612,084 172 181
12613,092
12618,080 085 108 124 146 181
12620,129
12621,008 022 024 033 074 086 093 126 129 130 143 152 159
12623,053 124 135
12624,124
12628,026
12632,002 056 103 115
12633,115
12638,002 098 103 168
12641,085 114
12642,047 109 124
12650,008 026 086 088 103 132
12652,113
12653,085 114 124
12654,002 098 103 168
12655,006 050 150 168
12659,022
12664,047
12668,099
12669,099 106 124
12673,099 106
12674,002 056 103 115
12675,124
12677,002 098 103
12678,012 037 050 150 151 168
12689,008 086 132
12691,047 109
12693,076 084 099 106 124
12694,044
12699,109 135
12702,047 109 124
12706,124
12709,002 098 103
12710,002 012 037 056 090 151
12713,084 092 172 181
12714,084 181
12715,124
12716,053 135
12717,109
12718,080 085 108 124 146 181
12719,002 056 103 115
12720,007 101 115
12721,025 107
12723,025 107 124
12725,113
12726,002 056 103 115
12727,007 031 032 041 075
12728,053 080 085 108 124 135 146 181
12729,053 124 135
12731,015 065 119
12736,084 181
12738,002 056 084 098 103
12740,002 103 115
12741,031 032 075
12743,042 055 084 135 145 172 181
12748,053
12750,047
12752,099 106 124
12754,124
12755,085 114
12756,002 103 115
12762,047 109
12763,002 056 084 098 103
12765,026
12766,047 109 124
12770,025 107 124
12772,039 045 070 100
12773,002 084 103
12774,095
12775,080 085 108 146 181
12777,045 070
12782,039 045 070 100
12786,008 086 132
12787,127 128 160
12791,015 065 119
12792,002 084 103
12795,098
12796,002 103 115
12799,091 124 150
12800,085 114 124
12801,002 084 103
12805,099 106
12807,076 084 099 124 181
12808,044
12813,047 109 124
12815,124
12816,124 181
12817,002 084 095 103
12818,095
12819,099 106 124
12823,002 103 115
12825,008 026 086 088 103 132
12828,084 181
12832,109 135
12833,053
12836,047 109
12837,124
12844,098
12845,047
12847,110
12848,063 084 110 124 133 134
12855,002 084 103
12857,002 103 115
12858,103 164 180
12859,002 098
12860,098
12861,084 092 172 181
12862,080 085 108 146 181
12868,002 056 084 098 103
12869,098
12870,113
12872,002 115
12874,099 106
12876,002 098
12877,023 102
12879,053 135
12886,124
12888,002 056 084 103
12891,124
12892,053 124 135 181
12895,008 086 132
12896,127 128 160
12898,042 055 084 135 145 172 181
12899,084 181
12901,047 109
12903,002 056 084 103
12904,041 061 062 101 118 129 188
12905,047 109 124
12908,085 114
12910,002 103
12913,008 086 132
12915,002 098
12916,023 060 102 168
12917,015 065 119
12921,084 181
12922,002 098
12925,025 107 124
12926,044 181
12927,002
12928,127 128 160
12932,113
12933,181
12935,095
12936,085 114
12937,008 086 132
12938,026
12939,047
12944,008 022 024 033 074 086 093 126 129 130 143 152 159
12946,099 106
12947,099 106 124
12948,002
12950,084 099 124 181
12953,002 041 056 084 103
12954,115
12955,022
12957,008 026 086 088 103 132
12958,025 107 124
12959,008 086 132
12963,022
12967,124
12969,002 098
12970,006 050 150 168
12971,095
12973,015 065 119
12976,047
12977,022
12978,022
12980,008 086 132
12982,080 085 108 146 181
12985,047 109 124
12987,047 109
12990,002 098 168
12991,002 006 012 037 050 150 151 168
12994,002 041 056 084 103 115
13000,008 086 132
13002,084 181
13005,113
13007,053
13010,084 092 172 181
13015,053 109 135
13016,109
13017,084 181
13019,084 098
13020,012 037 084 090 151
13024,047
13031,002 041 056 084 103 115
13032,007 101 115
13035,124
13037,034 166
13043,088
13044,047 109
13053,044 076
13054,113
13056,084 098
13057,084
13058,084 098
13059,095
13064,047 109 124
13066,053 135
13071,181
13073,085 114
13075,085 114
13077,084 099 124 181
13081,113
13082,002 007 056 084 103 115
13083,007 031 032 041 056 075
13085,002 015 065 119
13089,039 059 100
13090,084 098
13093,010 017 045 070
13094,124
13096,098
13097,010 017 039 059 100
13098,098
13099,098
13100,080 085 108 146 181
13104,002 007 056 084 103 115
13105,031 032 075
13106,047 109
13108,084 098
13109,084 095 098
13111,002 098
13112,025 107 124
13114,025 107 124
13115,047 109 124
13117,047
13120,063 084 124 133 134
13125,002 015 065 088 119
13126,015 065 119
13127,002 007 084 103 115
13133,002 098
13134,084 181
13141,053 135 181
13143,023 102
13146,084 098
13147,129
13148,084 098 129
13151,002 007 084 103 115
13154,015 065 119
13157,023 060 102 168
13163,114
13165,023
13167,085
13170,047
13174,004 020 111 129
13175,124
13179,002 007 084 103 115
13180,164 180
13182,047 109
13184,006 050 150 168
13185,053 135
13189,181
13191,047 109 124
13193,099 106 124
13194,084 099 106 124 181
13197,084 099 106 124 181
13198,092
13200,084 099 106 124 181
13202,002 007 084 103
13203,002 115
13205,025 107 124
13206,099 106 124
13207,084 099 106 124 181
13209,006 012 037 050 084 090 150 151
13211,002 103
13212,084 099 106 124 181
13214,084 181
13215,113
13216,113
13217,080 085 108 146 181
13219,084 099 106 124 181
13220,076 084
13221,099 106 113 181
13224,084 181
13226,034 166
13231,084 181
13232,002 015 065 088 119
13234,002 007 084 103
13235,002 088 127 128 160
13239,084
13240,012 037 084 090 151
13242,053 135
13244,002 103
13245,026
13246,076 084 099 106 124 181
13248,129
13249,008 022 024 033 064 074 086 093 126 129 130 143 152
13251,084 181
13252,084 098 129
13253,061 062 101 118 129 188
13254,084 181
13255,084 181
13256,002 103
13257,128 160
13258,002 103
13263,053
13264,047
13268,053
13270,042 055 084 135 145 172 181
13274,076 084 099 106 124 181
13275,044 181
13276,002 026 103
13279,084 096
13280,084
13285,047 109 124
13290,172
13292,084 181
13293,172
13294,172
13298,172 181
13300,172
13301,092
13302,092 172
13309,002 026 103
13310,008 086 132
13319,025 107 124
13322,096
13324,047 109
13325,025 107 124
13327,084
13330,002 015 065 088 119
13332,114
13337,002 008 026 086 103 132
13338,008 086 132
13339,047
13341,034 166
13345,084 098 101
13350,002
13355,080 085 108 146 181
13358,002 015 065 088 119
13364,096
13365,095
13368,047 109 124
13376,053 135
13377,053
13381,084 099 106 124 181
13382,044 076
13384,099 106 113 181
13385,113
13390,047
13396,092 172
13398,096
13399,095
13400,124
13402,084 101
13405,113
13406,042 055 084 135 145 172 181
13407,053 135
13408,085 114
13413,034 166
13415,181
13416,053 135 181
13419,002 015 065 088 119
13425,113
13426,113
13429,063 084 124 133 134
13431,039 059 100
13432,047 109 124
13434,096
13436,028 045 067 070 098 129
13437,080 085 108 146 181
13439,045 070
13440,010 017 028 039 059 067 100 129
13445,084
13446,041 101
13447,010 017 028 059
13449,044 076 181
13451,002 098
13456,096
13457,129
13463,047 109
13465,047
13467,114
13469,025 107 124
13473,084
13474,007 031 032 041 056 075
13477,007 084
13478,031 032 056 075
13479,007
13480,007
13484,115
13487,084 099 106 124 181
13489,084
13490,002 115 164 180
13491,002 098
13492,002 098
13493,002 128
13494,002 007 084 088 127 128 160
13495,002
13496,128 160
13501,099 106 113 181
13502,002 015 065 085 088 119
13503,015 065 119
13504,042 055 084 135 145 172 181
13506,023 102
13508,053
13510,023 060 102 168
13512,053
13513,047 109 124
13514,025 107 124
13519,053 135
13520,085
13521,099 106 113 181
13524,113
13525,023
13526,023
13527,096 129
13529,002
13538,053 135
13540,023
13541,006 050 150 168
13544,076 084
13545,002
13547,080 085 108 146 181
13549,084
13554,023
13555,006 012 037 050 084 090 150 151
13557,025 107 124
13559,124
13563,092 172
13565,002
13568,099 113
13570,002
13574,023
13575,012 037 084 090 096 151
13576,084 099 106 124 181
13579,002
13581,084 092 172 181
13583,034 166
13586,025 107
13589,096 129
13590,061 062 118 129 188
13591,002
13592,029 062 143 152
13593,042 055 084 135 145 172 181
13594,084 096
13595,084 096
13597,044 076
13602,053 085 135
13603,114
13606,002
13607,002 008 026 086 103 132
13609,084
13611,053 135 181
13616,076
13618,115
13623,047
13628,047
13631,002
13632,002 015 065 085 119
13633,002 126
13638,002
13641,084
13643,025 107 124
13648,015 065 119
13649,015 065 119
13651,002 126
13652,002 126
13653,080 085 108 146 181
13656,115 164 180
13659,099 106 113 181
13664,047 109
13665,002 126
13673,092 172
13676,025 107
13677,084 099 106 124 181
13678,113
13679,084 092 172 181
13682,095
13684,115 128 164
13687,053 106 135
13688,099
13692,053 135
13693,085 114
13694,002 126
13712,113
13714,063 084 124 133 134
13715,002
13716,002
13718,095
13719,128 160
13720,007 084 088 127 128 160
13726,096
13727,101
13728,041 101
13729,002 126
13734,076
13735,044 076 181
13738,084 088 128 160
13739,002 008 026 085 086 088 132
13745,031 032 041 056 075
13746,092 172
13747,092
13750,080 085 108 146 181
13752,002 126
13755,053
13757,084 088 128 160
13759,128 160
13761,053
13763,025
13766,084 106 124 181
13773,124
13774,025 107
13775,085
13776,085
13777,084 088
13778,099 106 113 181
13780,084
13781,002
13783,129
13787,002
13788,039 059 100
13789,002
13790,009 028 091
13791,002
13792,009 039 045 070 091 100
13793,053 106 135
13795,002
13796,010 017 028 059
13797,084 088
13799,002
13800,002 098
13810,002 008 026 085 086 088
13812,084 088
13821,084 113 124
13822,113
13824,053 135 181
13825,096
13826,060
13829,025 047
13831,096 101
13832,101
13834,002
13837,007 031 032 056 075 084
13839,096
13840,023 102
13841,084 172 181
13845,047 109
13846,025 107 124
13849,080 085 108 181
13852,084
13853,092 172
13856,099
13857,099
13858,023 096
13859,060 102 168
13860,002
13861,084 088
13867,084 088
13871,025
13872,023 096
13874,084 106 124 181
13875,099 113
13876,053 085 106 135
13877,085 106 114
13878,053 106 135
13881,044 076
13882,025 047
13883,025
13884,084 088
13892,007 084
13893,007
13896,103 129
13897,023 096
13898,006 050 150 168
13902,034 166
13903,063 084 124 133 134
13905,085 106 114
13911,084 088
13916,080 108
13922,124
13926,023 096
13927,006 012 037 050 084 090 150 151
13928,084 088
13929,002 008 026 086 103 132
13932,106 114
13935,129
13936,080 108
13946,007 084
13947,115
13948,023 096
13949,012 023 037 084 090 096 151
13953,099 113
13958,096
13959,041 101
13960,002 008 026 084 086 088 103 132
13961,015 065 085 119
13962,002 008 026 085 086 088
13963,042 055 084 135 145 172 181
13964,025 107 124
13965,092 172
13966,092
13967,023 096
13969,053 106 135
13974,053 106 135
13976,084 092 172 181
13977,084
13978,129
13979,029 062 143
13982,007 084 115
13983,115 164 180
13984,023 096
13987,025 107
13989,181
13991,029 061 064 130 152
13993,084 106 124 181
13997,047 109
14000,053
14003,025 047
14004,053
14006,063 084 124 133 134
14013,023 096
14014,095
14015,002 008 026 084 085 086 088 103 132
14017,113
14018,113
14022,025
14023,047 109
14028,059
14031,044 076 181
14033,019 090 105 151
14034,059
14035,028 045 070
14045,023 096
14046,095
14047,007 084 128
14048,115 128 160 164
14049,045 070
14052,010 017 028 059
14055,085
14060,053 106 135
14063,096 098
14064,023 096
14070,096
14071,060 096
14074,084 128
14075,007 127 128 160
14078,085
14079,085
14080,025 047
14082,023 096
14083,129
14084,044 076 181
14085,096
14086,102
14088,096
14089,031 032 041 056 075
14090,101
14091,084
14093,124
14094,025 107 124
14095,180
14098,181
14100,023 096
14102,084
14103,127
14105,108
14110,096
14111,060 102 168
14116,084 092 172 181
14118,025 107
14119,084
14122,085 106 114
14123,023 096
14124,061 062 118 129 188
14125,092 172
14127,002 008 026 055 085 086 088 132
14128,084
14130,025
14131,096
14134,025
14136,041 101
14140,106 114
14141,084
14150,053
14155,053 106 135
14157,084 106 124 181
14159,084
14161,096
14162,006 050 096 150 168
14168,181
14173,113
14174,053 106 135
14178,002 004
14181,096
14182,031 032 056 075
14188,047 109
14192,084
14194,096
14195,006 012 037 050 084 090 129 150 151
14199,034 166
14203,023 096
14205,084
14211,084
14213,025 107
14214,044 076
14215,044 076
14217,029 061 064 130 152 195
14219,053 106 135
14220,106
14221,096
14222,012 037 084 090 096 151
14224,181
14225,084
14228,084 106 124 181
14231,180
14234,084 092 172 181
14235,084
14236,025 047
14237,053
14238,025 047
14239,053
14248,084
14250,103
14252,026 084 132
14253,042 055 084 085 135 172 181
14260,056 075 096
14268,084 181
14269,015 065 085 119
14270,002 004
14272,002 008 026 055 085 086 088
14273,180
14275,023 088 096
14276,101
14280,053 063 084 124 133 134
14281,111
14283,084 106 124 181
14284,113
14286,053 106 135
14290,012 037 084 090 151
14298,025 107
14305,023
14306,108
14308,023
14311,023
14312,095
14314,181
14315,084 181
14319,092 172 181
14322,085 106 114
14323,023
14324,095
14326,056 096
14334,023
14337,085 106 114
14340,025 107
14341,023 088 096
14342,041 101
14343,056 096
14344,115 128 164 180
14346,025
14349,047 109
14350,023
14351,129
14356,025
14360,002 008 025 026 084 085 086 103 132
14361,084
14364,010 017 028 059
14367,010 017 028 059
14372,096 098
14376,023
14378,056 096 128
14379,007 115 128 160 164
14382,023
14383,061 118 129 188
14385,060 096
14392,047 109
14394,084 181
14400,053 106 135
14407,102
14412,084 106 124 181
14413,113
14414,056 096
14415,007 127 160
14426,056 096
14431,060 102 168
14434,002 008 025 026 053 055 085 086 088
14436,053 106 135
14437,025 107
14438,092 172 181
14440,056 096
14442,002 008 025 026 085 086 088 103 132
14443,023 088 096
14444,031 032 041 056 075
14445,025 047
14448,084 181
14450,056 096
14454,047 109
14455,056 096
14462,056 096
14465,085 106 114
14468,047 109
14470,025 047
14471,053
14473,006 050 150 168
14475,053
14479,002 008 025 026 085 086 088 103 132
14480,025 053 180
14481,056 096
14483,023 056 075 088 096
14484,113
14485,113
14486,023
14488,084 181
14493,053 135 181
14498,006 012 037 050 084 090 150 151
14511,084 106 124 181
14514,012 037 084 090 151
14515,023 056 075 088 096
14516,031 032 075
14517,053 106 135
14519,056 096
14524,025 107
14525,056 096
14527,084 181
14528,025 042 055 084 135 172 181
14529,001 002 008 025 026 053 055 085 086 132
14535,056 096
14539,108
14544,113
14547,053 084 099 106 124 181
14548,053 063 084 124 133 134
14551,001 002 008 025 049 053 055 086 096 180
14552,136 163 180
14553,056 096 181
14559,047 109
14572,023
14575,085 106 114
14579,056 096 181
14582,025
14584,025
14585,129
14586,008 022 086 129 143 159
14589,172
14591,056 096
14592,075
14594,047 109
14598,056 096 181
14599,015 065 085 119
14613,095
14614,002 004
14619,056 096
14621,084 106 124 181
14628,053 106 135
14629,025 107
14632,096 181
14636,025 047
14641,095
14642,002 008 025 026 049 085 086 088 096 103 132
14643,026 049 096 180
14646,092 172
14652,056 096
14653,115 128 164 180
14657,023
14658,041 101
14659,025 047
14670,113
14673,096 181
14679,047 109
14680,025 047
14683,056 096
14684,007 115 128 160 164
14686,113
14688,085 106 114
14690,129
14692,053 135 181
14694,053
14696,053
14700,096 098
14701,025 055 172
14702,025
14704,096 181
14706,106
14711,060 126
14712,060 096
14713,047 109
14718,007 127 160
14719,096 181
14721,002
14722,001 002 008 025 049 053 055 086 096 145
14728,053 106 135
14733,061 118 129 188
14734,025 047
14736,096 181
14738,060 126
14739,102
14740,056
14741,084 106 124 181
14742,053 063 084 106 124 133 134
14748,044 076
14754,096 181
14758,025 042 135 172 181
14759,023
14760,031 032 041 075
14765,060 126
14766,060 102 168
14767,001 026 049 053 055 088 096 103 136 145 163 180
14768,025 096 181
14769,092 172
14773,053 106 181
14780,025 047
14785,108
14787,015 056 065 085 119
14788,053 135 181
14789,025 055 096
14795,001 002 008 025 049 053 055 086 096 145
14801,053 106 135
14803,053 126
14806,113
14808,085 106 114
14809,047 109
14810,023 075
14811,075
14812,053 084 106 124
14814,025
14818,113
14820,025
14823,025 096 172
14827,053 126
14828,006 050 150 168
14833,056 096 181
14835,025 107
14836,047 109
14838,025 047
14841,096
14843,053 126
14844,006 012 037 050 084 090 150 151
14845,023
14846,031 032 075
14847,025 055 096
14848,025 049 053 096 180
14852,129
14854,053 126
14855,012 037 084 090 151
14856,025 047
14858,053 126
14859,096
14860,181
14861,053 106
14862,053 106
14864,053 126
14866,129
14867,008 029 033 061 064 074 093 126 129 130 152
14868,049 055 096 180
14869,025 047
14871,001 002 008 025 049 053 055 086 096 145
14875,053 126
14883,092 172
14884,092
14885,126 129
14889,047 109
14891,053 126
14892,095
14895,053 181
14899,092 172
14900,113
14901,025 047 106
14906,053 135 181
14908,053
14909,126
14914,023 075
14916,053
14919,026 053 055 103 145 180
14920,047 109
14921,023 075
14922,075
14926,025 047
14928,096
14929,056
14930,053 126
14931,095
14933,113
14934,126
14936,053 135
14938,025 107
14939,049 055 096 180
14940,026 049 053 055 096 103 180
14941,025 172
14942,047 109
14946,126
14948,053 106 135
14949,025 053 107 135
14950,092 172
14953,025 047 106
14958,126
14960,034 166
14961,025
14965,108
14967,041 101
14968,025 047 106
14970,056 096
14971,015 056 065 085 119
14972,023 075
14974,126
14976,053 126
14983,108
14984,126
14989,001 002 008 025 049 053 055 086 096 145
14991,126 195
14993,126
14995,026 053 096 103 180
14996,126
14999,053 063 133 134 181
15000,126
15003,025 047 106
15005,126
15012,092 172
15013,113
15016,053 061 126
15017,129
15021,025 107
15025,053 135 181
15026,053 126 129
15027,060 096 098
15028,025
15030,025 047 106
15031,085 106 114
15032,023 075
15033,115 128 164 180
15037,025
15038,053 061 126
15041,025
15045,044 076
15046,053 126 129
15047,060 096
15048,002 004
15051,053 135
15055,025 047 106
15057,053 181
15058,047 109
15060,002 004
15063,001 002 005 008 049 086 096 132
15067,053 126 129
15068,102
15070,031 032 041 075
15075,092 172
15076,092 099
15077,075
15078,007 023 075 088 115 128 160 164 180
15079,053 061 118 126 129 188
15080,061 118 129 188
15082,113
15083,053 181
15086,053 102 168
15092,106
15093,053 106 135
15094,025 107
15095,053 181
15099,053 135 181
15100,053
15102,025 047 106
15104,092 172
15107,025 053 096 180
15110,075
15111,007 127
15112,047 109
15115,053
15119,108
15120,092 099 113 172
15121,053
15122,006 050 053 150 168
15128,085 106 114
15129,004
15131,031 032 075
15135,025 107
15141,053
15145,053
15147,053 126
15150,006 012 037 050 084 090 150 151
15151,025 047 106
15152,106
15158,053 106 135
15164,053 126 129
15165,012 037 084 090 096 151
15166,129
15168,008
15169,008 029 129 130
15170,096
15172,047 109
15173,047
15176,034 053 166
15177,025
15179,103 180
15180,008 053 055 085 086 088 096 132 136 145 163
15182,047 109
15184,053 135
15186,053 126 129
15188,021
15189,026 053 096 103 180
15190,103 180
15192,108
15194,113
15196,096
15204,025 047 106
15208,106
15211,053 126 129
15213,129
15216,075
15217,075
15219,053 126 129
15223,092 113
15224,092 113
15227,103 180
15228,026 103 180
15229,053 135 181
15230,053 126
15232,180
15235,096 180
15239,096
15240,025 042 135 172
15243,053 106 135
15246,053 126 129
15247,095
15248,025 047
15249,085 106 114
15253,025 107
15256,180
15257,096 180
15259,172
15265,096 180
15266,025 047 106
15267,085 106 114
15273,025
15274,053 063 133 134 181
15275,047 109
15277,053 106 135
15279,025 053 099 106 181
15280,025
15281,025 053 096 180
15282,096 180
15283,047 109
15285,025 096 180
15286,172
15287,047 109
15288,108
15291,053 126
15292,041 101
15297,025 096 180
15298,025
15299,025 053 096 180
15301,053 095 126 129
15302,095
15303,102
15310,181
15313,025 107
15316,025 047
15320,023
15321,025
15322,053 106 135
15323,113
15324,113
15326,007 023 075 088 115 128 160 164 180
15327,053 102 168
15328,053 102 168
15330,106
15334,053 126 129 188
15335,061
15338,053 135
15339,053 135 181
15340,006 012 037 050 084 090 129 150 151
15348,113
15351,053
15355,172
15356,113
15360,007 075
15363,047 109
15364,047 108 109
15365,025 047
15367,106
15368,025 047
15372,053 126
15373,031 032 041 075
15374,053 096 129
15375,025
15376,025
15378,047 109
15381,053
15382,053 126 129 188
15385,021
15389,053
15390,023
15391,023 115 128 164 180
15393,053 102 168
15395,015 056 065 085 119
15398,025 053
15399,053
15403,025 107
15404,053 118 126 129 188
15405,118 129 188
15413,012 037 084 090 151
15417,053 106 135
15418,025 047
15421,053 126 129 188
15423,025 107
15429,092
15430,053 106 135
15433,053 126
15434,031 032 075
15435,047 109
15439,025
15440,053
15441,002 004
15443,025
15444,056
15448,053 126 129 188
15449,062 118 129 188
15450,025
15451,025
15453,106
15456,180
15462,053 129
15464,026 053 180
15469,053 135 181
15472,053 126
15473,075
15476,002 004
15477,047 108 109
15480,047 109
15484,134 172
15485,113
15488,025
15490,025 047
15491,106
15492,053 126
15493,007 023 075 088 115 128 160 164 180
15495,060 096 098
15496,002 004
15499,053 126
15500,053 102 168
15502,047
15503,053 106 135
15506,025 047 106
15510,085 114
15512,053 126
15515,006 050 150 168
15520,047 109
15521,006 012 037 050 084 090 129 150 151
15522,025 096
15523,012
15525,012 037 084 090 151
15527,026 103 180
15528,053 097 126
15531,004 129
15533,053 096 129
15537,107
15539,047 108
15541,053
15543,025 047
15545,004 129
15546,008
15548,023 053 075 115 126 128 160 164
15551,025
15553,047 109
15554,108
15555,053
15556,053
15557,025 047
15564,092
15566,004 129 130 159
15567,029 033 129 130
15576,025 053 063 133 134 181
15577,047 109
15580,106
15584,004 022 053 129
15585,129
15586,092
15589,053 126
15591,025
15592,025
15593,180
15596,106
15597,053 097 126
15598,101
15603,002 004
15604,004 022 024 053 129 195
15607,053 106 135
15608,053 135 181
15617,095
15618,047 109
15619,001 002 049 088 096 136 163
15621,002 004
15622,106
15624,047
15626,099 134 172
15628,004 022 024 053 061 129 143 195
15630,021
15631,106
15634,053 126
15635,023 053 115 126 128 164 180
15636,053 097 126
15637,041 101
15639,085 114
15640,047 109
15641,047 108 109
15647,053
15652,025 042 135 172 180
15654,025 107
15655,004 053 129 143 195
15665,095
15666,095
15667,056
15670,007 053 088 126 180
15671,007 075
15672,025
15678,106
15680,106
15686,113
15687,053 126 180
15690,004 053 129 143 195
15692,007 053 088 126 180
15693,127
15694,025 047
15696,053 057 097 126
15697,031 032 041 075
15699,134 181
15700,025
15701,181
15704,047 109
15706,025 047
15708,053 129
15711,092
15712,113 134
15713,045 148
15715,053
15717,107
15718,056
15722,007 053 088 126 180
15724,053 057 097 126
15726,053
15727,053 129
15728,039 060 096 098
15729,180
15730,180
15735,012 053 079 096 102 129 168
15736,053 096 129
15737,007 053 088 126 180
15739,047
15740,047 108
15741,047 109
15742,047 109
15745,047
15747,134 172
15748,025
15751,053 057 097 126
15752,031 032 075
15755,012 053 102 168
15756,053 102 168
15757,007 053 088 126 180
15759,106
15760,106
15761,025
15762,025
15764,075
15769,007 053 088 126 180
15771,001 002 049 088 096 136 163
15773,085 114
15774,053
15776,107
15779,012 053
15780,053
15781,007 053 088 126 180
15786,031 032 075
15789,118 188
15793,181
15797,012
15799,007 053 088 126 180
15800,181
15801,053 057 088 097 126 127
15805,053
15806,026 053 180
15809,047 109
15812,007 053 088 126 180
15815,025
15817,047 109
15818,012
15819,006 012 050 150 168
15821,021 028 117
15823,106
15824,180
15828,099 134 172
15831,181
15833,107
15834,047 108
15835,053 088 126 180
15836,015 056 065 085 119
15839,004 053 129 143 195
15841,034 166
15843,025 047
15848,004
15849,004
15851,025 134 172
15852,025 053 063 133 134
15853,180
15855,047 108
15858,180
15860,053
15861,025 047
15863,047
15864,047 108
15866,106
15870,057 062 118
15875,181
15876,025
15877,001 002 008 044 049 055 076 086 088 096 136 145 163
15879,004 022 024 029 053 062 129 143 159
15880,004 008 129 130 159 195
15881,008 130
15882,004 129 159
15884,025 107
15887,012 150
15888,006 012 037 050 084 090 129 150 151
15889,180
15890,026 103 180
15892,085 114
15894,023 115 128 164
15897,053 056 088 126 180
15900,047 109
15904,012 037 084 090 151
15906,004 022 024 029 062 129 143
15907,129
15916,041 101
15917,034 166
15919,180
15921,004 022 024 029 062 129 143
15922,053
15924,181
15925,053 056 088 126 180
15926,056
15928,023 075 115 128 160 164 180
15931,097
15938,004 022 029 062 129 143
15939,022 024
15940,181
15942,099 134 172
15944,047 109
15948,025 047 107
15949,107
15950,053 056 088 126 180
15953,041 127
15955,004 062 129 143
15967,047 108
15971,095
15972,025 134 172
15973,025 134
15977,113
15981,106
15982,047 109
15986,001 002 025 049 053 055 076 085 088 096 132 136 145 163
15987,044 076
15990,106
15991,053 057 088 097 126 127 180
15992,007 075
15993,004 062 129 143
15995,004 053 061 129 143 195
15998,026
16000,085 114
16003,092 134
16006,099 106 181
16008,053 056 088 126 180
16011,021 028
16012,015 056 065 085 119
16013,025 047
16016,095
16022,025 181
16023,025
16024,181
16029,007 127
16030,127
16038,053 056 088 126 180
16039,025 042 135 180
16041,007
16046,044
16049,025 172
16051,020
16052,053 088 126
16056,041 101
16057,056
16060,099 134 172
16061,025
16064,106
16070,039 045 053 067 100 129 148
16071,053 088 126
16080,026 103 180
16088,053 079
16089,012 039 053 060 079 096 098 102 168
16092,025 107
16094,047 108
16095,007
16097,007
16098,015 065 085 119
16099,047 109
16100,047 109
16102,181
16105,181
16106,025
16111,053 088 126
16112,053
16115,004 053 061 129 143
16116,059 091
16118,102
16119,106
16122,047 108
16125,053 088 126
16126,053
16127,001 002 008 025 049 053 076 085 086 088 096 132 136 145 163
16131,041 127
16132,041 127
16135,118 188
16136,168
16138,099 106 181
16139,106
16141,025 172
16142,025
16146,168
16148,168
16149,050 168
16150,007
16152,041 097 127
16154,088 126
16159,025 047
16160,107
16161,004 062 129 143
16169,041 097 127
16170,031 032 075
16176,053
16177,181
16180,006 012 037 050 090 129 150 151
16183,025 099 134 172
16184,025 053 063 133 134
16186,025 107
16191,041 097
16192,004 053 061 129 143
16193,009 010 017 028 045 070 148
16195,062 118
16203,107
16205,088 126
16206,026
16208,007
16213,047 108
16215,150
16216,012 037 084 090 151
16219,026 088 126
16221,085 114
16222,025
16223,025
16224,097 127
16230,088 126
16239,004 062 095
16242,097
16244,085 114
16245,007
16246,181
16247,181
16251,088 126
16254,001 002 008 025 049 053 076 085 086 088 096 132 145
16255,113
16256,047 108
16257,085 099 114 181
16259,097 127
16261,022 024 029 053
16267,004 062 095
16273,025 047
16274,025 107
16275,008 129 130 159
16277,025 042 135 176
16279,022 024 029
16280,107
16283,025
16284,025
16286,044 088 132
16287,088 126
16288,026 103 180
16290,097 127
16291,023 115 128 164
16292,004 062 095
16293,095
16294,085 114
16297,010 039 046 053
16301,050
16302,106
16308,092 134
16309,007 053 126 180
16311,010 039 046 053
16314,181
16315,099 172
16318,047 108
16319,004 062 129 143
16331,085 114
16332,085 114
16336,044
16339,004 062 095
16340,095
16341,097 127
16342,075
16343,004 053 061 065 097 098 129 133 143
16344,039 045 051 053 079 091 100 129 148
16345,088 126 134
16347,181
16349,004 012 039 060 061 065 079 097 098 102 129 133 143 168
16350,012 039 060 079 096 098 102 168
16351,007 053 088 097 126 180
16352,007 015 065 085 119
16357,034 166
16358,085 114
16361,107
16362,029 033 053 064 074 086 093 129 152 159
16363,004 012 060 061 062 084 090 095 097 102 129 133 143 151 168
16364,060
16368,021 028 080 117 161
16369,050 090 151
16370,006 012 037 050 090 129 150 151
16372,025
16373,008 129 130 159
16377,088 126 134
16379,004 012 061 062 084 090 095 097 102 129 133 143 151 168
16380,102 168
16385,097 127
16386,075 127 160
16389,001 002 008 025 049 053 055 076 085 086 088 096 113 132 133 145
16391,004 012 061 062 084 090 095 097 129 133 143 151
16393,085 114
16396,099 172
16398,085 099 114 172 181
16399,085 114
16401,106
16402,047 108
16403,026 056
16405,020
16407,107
16408,088 126 134
16409,103
16410,004 062 095
16412,004 012 061 062 084 090 095 097 133 143 151
16420,053 088 097 126 180
16421,056
16423,041 101
16424,004 012 061 062 084 090 095 097 133 143 151
16425,050 090 151
16429,047 106 108
16430,097
16432,004 012 061 062 084 090 095 097 133 143 151
16436,004 012 062 084 090 095 097 133 143 151
16437,006 037 050 090 150 151
16443,004 012 062 084 090 095 097 133 143 151
16444,012 050 129
16445,004 012 037 062 084 090 095 150 151
16446,041 097
16447,041 097
16450,047 106 108
16455,181
16457,010 039 046 053
16459,004 062
16460,118 129 188
16463,041 097
16472,053 056 088 097 126 180
16474,097
16476,041 097
16479,025 053 063 133
16482,106 108
16485,099 172
16488,092 134
16491,041 097
16492,031 032 041 075 097
16493,047
16494,004 095 129 143
16495,095
16496,004 062
16497,062 118
16498,088 126 134
16503,026 103 134 180
16504,065 079 090 095 096
16506,007
16508,107
16509,004 046 053 062 129 143
16510,010 017 059 061 070 129
16511,041 097
16513,001 002 008 049 053 076 086 088 096 113 132 133 145
16515,034 099 166 172
16517,097
16518,181
16519,065
16520,095
16522,008 025 130
16523,041 097
16524,097
16526,181
16528,053 088 097
16529,053
16530,172
16534,181
16535,085 114
16536,004 009 012 028 039 045 046 051 053 059 060 061 062 084 090 091 097 098 100 102 129 133 143 151 168
16537,004 012 039 045 053 060 061 062 079 084 090 091 096 097 100 102 129 143 151 168
16538,132
16540,004
16541,097
16550,109
16553,004 095 143
16559,106
16560,047 106 108
16562,026 056
16564,029 033 064 086 129 152 159
16565,106
16569,099 172 181
16570,085 099 114 172
16577,025 099 172
16581,097
16585,088 126 134
16587,004
16590,023 115 128 164
16591,088 097
16594,113 132 133
16595,004 010 012 039 045 046 053 059 060 061 062 070 098 102 129 133 143 168
16596,009 010 017 028 045 061 065 070 097 098 129 133 148
16597,107
16601,010 022 024 029 039 046 053
16603,009 028 045 065 090
16604,047
16606,004
16608,004 095 143
16609,095
16612,107
16613,045 065 067 079 090 091 096 097 100 134
16614,009 028 045 046 059 079 090 091 096 097 100
16618,075
16620,009 028 045 046 059 065 067 079 090 091 100 134
16621,065 079 090 095 096
16623,010 039 046 053
16624,046 053
16626,107
16629,172 181
16631,180
16632,044 088
16635,097
16637,088 126 134
16639,106
16643,008 049 053 076 086 088 096 113 132 133 145
16645,004
16653,025 099 172
16656,047 106 108
16658,088 097
16659,025 042 135
16660,134
16662,047 106 108
16669,107
16670,107
16675,026 103 134 180
16676,004 095 143
16679,095 188
16681,132
16682,004
16683,097 101
16684,004 097
16686,088 126 134
16687,044
16688,097
16689,007
16690,022 024 029 039 046 053
16693,050 090
16694,056 088 097 126 180
16697,099 172 181
16701,133
16702,065
16703,065 095
16704,106
16708,172 181
16711,004 006 012 037 050 090 097 133 143 150
16715,010 022 024 029 039 046 053
16720,181
16723,108
16724,025 099 172
16725,025
16726,010 039 046
16728,099 172 181
16732,097 101
16733,097
16740,107
16741,025 129 159
16742,029 033 064 086 129 152 159
16746,097
16747,007 015 065 085 119
16751,181
16752,034 099 166 172
16754,004 097
16756,088 126 134
16757,029 053 074 093 168
16758,047
16761,103
16763,107
16766,008 049 053 055 085 113 132 136 145 163
16768,004 095 143
16769,095
16771,107
16775,025 053 063 133
16778,065
16780,172 181
16781,085 099 114 172
16782,106
16784,106
16785,047 106 108
16790,106 108
16791,047 106 108
16797,107
16800,025
16803,097
16805,047 106 108
16806,008 025 130
16807,099 172
16809,088 126 134
16810,044 088
16815,004 118 129 143 188
16816,118 129 188
16823,180
16824,132
16826,085 114 172
16829,010 039 046
16830,039 046 053
16835,099 172 181
16836,010 070 168
16837,010 012 017 039 045 060 070 098 102 129 133 148 154 168
16839,181
16843,095 133
16847,004 143
16848,118
16854,097
16856,181
16857,107
16858,004 097
16859,031 032 075 097
16862,034 099 166 172
16863,181
16866,099 172
16873,088 132 133
16874,106
16875,108
16876,001 002 008 025 049 053 113 132
16877,092 113 134
16879,023 115 128 164
16881,097
16882,181
16885,026 056
16888,133
16889,090
16891,101
16894,088 126 134
16898,172
16900,025 053 063 133
16901,107
16902,097
16910,075
16912,029 033 053 064 086 129 152 159 168
16915,181
16917,004
16921,010 070
16922,010 070 168
16923,049 092 113 132
16924,026 056 134
16925,029 033 053 064 086 129 152 159 168
16926,008 130 168
16927,009 028 045 059 079 090 091 100 134
16928,047 108
16929,047
16930,181
16936,109
16939,133
16940,050 090
16941,045
16942,009 028 045 046 059 065 067 090 091 095 096 100 134
16943,106
16945,010 022 024 029 039 046 053
16946,049 092 113 132
16949,099 172 181
16950,088 126 134
16951,132 180
16952,107
16955,168
16957,134
16958,065 095
16961,097
16966,044
16969,099 172
16974,106
16978,088
16979,056 088 097 126 134
16982,101
16983,133
16984,133
16985,034 099 166 172
16987,095 143 188
16988,004
16990,172
16994,022 024 029 039 046 053
16998,007
17000,107
17001,049 092 113 132
17002,092 113 134
17006,172
17007,085 099 114 172
17011,010 022 029 053 070
17012,010 022 024 029 039 046 053 070
17013,088 126 132 134 180
17014,132
17015,101
17019,097 101
17021,168
17022,107 181
17028,106
17031,047
17032,097
17033,025
17034,133
17035,006 037 050 090 097 133 143 150
17036,056 097
17037,026 103 134 180
17038,009 017 046 098 129 148 154
17039,009 017 028 045 046 061 062 065 084 090 097 129 148 151 154
17043,007 015 065 119
17046,004
17047,085 099 114 172
17055,025 053 063 133
17057,025
17058,010 024 029 039 046 053
17059,025 168
17060,025 029 033 053 064 086 129 152 159 168
17061,108
17062,047 108
17063,181
17065,097
17067,088 126 132 133 134 180
17069,053 070
17071,168
17072,008 130 168
17075,099 172
17080,044
17081,034 099 166 172
17082,107
17083,004
17084,031 032 075
17086,061 095 118 143 188
17087,029 053 074 093 168
17088,010 022 024 029 039 046 053 070
17089,006 097 143
17090,004 006 012 037 050 097 133 143 150
17091,004
17093,180
17094,103
17095,106
17099,047
17107,097
17109,029 053
17110,107
17111,107
17112,088 126 132 133 134 180
17116,025 049 053 055 076 085 092 113 132 133
17120,029 053
17121,053 070
17122,010 053 070
17123,085 099 114 172
17126,107 181
17127,107
17130,009 028 045 046 059 065 090 091 095 100 134
17133,012 017 060 102 133 154 168
17134,029 053
17135,010 022 024 029 039 046 053 070 074 093
17139,004
17144,047
17145,181
17146,099 172
17147,085 114 172
17148,180
17153,097
17155,106
17156,106
17157,004
17158,023 115 128 164
17160,065 095 134
17164,047
17166,004
17167,031 032 075 097
17169,132 134
17172,107
17173,070 168
17175,025 029 033 053 064 086 129 152 159
17180,065 134
17181,065
17182,106
17184,017 102 154
17189,088 126 132 133 134 180
17190,088 132 133
17193,001 002 008 025 053 076 086 088 092 096 113 133 136 145 163
17195,181
17199,108
17200,108
17205,088 126 134 180
17209,097
17212,095
17215,097
17216,026 134
17218,106
17223,025
17224,034 099 166 172
17226,026 056 097 103 134
17227,099 172
17228,172
17231,004
17234,090
17239,008 025 053 076 086 092 113 133 136 145 163
17242,047
17243,056
17244,056 097
17246,097
17248,008 025 130 168
17251,004
17252,075
17255,009 028 045 059 079 090 091 100 134
17256,106
17261,007
17264,050 090
17265,134
17268,009 028 045 046 059 065 079 090 091 095 100 134
17269,004 134
17272,168
17276,047
17278,010 070
17280,097 101
17283,099 172
17284,085 099 114 172
17286,044
17287,106
17290,134
17292,031 032 075
17293,088 126 134 180
17294,088
17297,025 053 055 076 088 092 096 113 133 145
17299,004
17302,085 114
17303,006 097 143
17304,095 143 188
17306,101
17308,107 181
17309,107
17310,004 134
17312,009 046 065 098 129 148 154
17313,023 115 128 164
17314,097
17316,132 133
17319,097
17323,106
17324,109
17325,168
17326,029 033 053 064 086 129 152 159 168
17327,070
17328,070 168
17330,025
17332,008
17337,007
17338,007 015 065 119
17341,004 134
17344,097
17345,031 032 075 097
17346,004
17348,097 143
17349,134
17350,132 134
17354,103
17355,050
17356,037 050 090 133 150
17357,181
17358,107
17362,097
17363,004 134
17365,108
17367,010 024 029 039 046 053 168
17368,010 024 029 039 046 053
17377,154
17379,181
17381,044
17384,047
17390,047 109
17391,061 095 097 118 143 188
17392,061 095 118 143 188
17393,097
17394,004
17396,037 050 133
17397,006 037 050 133 150
17400,047
17402,101
17403,004 134
17405,001 002 025 049 053 055 076 085 088 092 096 133 145
17406,025 053 063 076 133 145
17407,088 126 134 180
17421,009 028 045 059 067 079 090 091 100 134
17425,075 134
17430,097
17431,009 028 090 091 134
17434,047
17437,010 070 168
17438,010 070
17442,010 022 024 039 046 070 074 093
17445,181
17450,085 114
17453,009 028 090 091 134
17454,009 028 045 046 059 065 090 091 095 100 134
17455,143
17456,097 101 143
17457,097
17458,031 032 075 097
17461,004
17465,008
17467,088 092 132
17470,168
17472,168
17475,097
17480,010 039 046 070
17481,010 039 046 070
17483,168
17484,056 097
17485,026 134
17487,044
17488,107
17491,009 025 028 090 091 095 134
17492,095 134
17493,004 134
17494,023 115 128 164
17498,085 114
17500,047
17504,010 070
17512,026 134
17514,029 033 053 064 086 129 152 159
17518,008 025 168
17519,181
17521,004
17525,097
17526,181
17527,001 002 025 049 053 055 063 085 088 092 096 133
17528,053 133
17535,088 126 134 180
17537,097 188
17539,009 025 028 090 091 095 134
17540,065 134
17541,056 097
17545,056 097 103
17550,009 025 028 065 090 091 095 134
17551,095
17552,047 109
17555,031 032 075 097
17556,097
17558,097
17559,088 126 134 180
17560,134
17569,106
17573,145
17574,134
17578,009 025 028 065 090 091 095 134
17579,090
17580,106
17586,097
17587,004 134
17588,023 075 115 128 134 160 164
17593,085 114
17597,106
17599,143
17601,009 025 028 065 090 091 095 134
17602,090
17606,181
17607,001 002 008 025 049 055 063 085 086 088 092 096 113 136 163
17609,047
17613,004 134 160
17614,075 160
17619,004 134
17620,007 015 065 085 119
17622,008 025 168
17623,088 126 134 180
17624,132 133
17632,107
17634,047
17635,047
17636,168
17637,168
17638,007
17640,009 025 028 065 090 091 095 134
17641,037 050 090 133 150
17644,103
17648,181
17650,095 118 188
17651,107
17652,007
17657,047
17658,004 134 160
17659,004
17660,097 188
17662,007
17673,044
17674,097
17675,026 097 134
17676,143
17677,101 143
17680,168
17683,134
17685,088 180
17686,132
17688,023 115 128 134 164
17689,108
17691,006 134
17692,006 050 133 150
17695,009 025 028 045 046 059 065 090 091 095 100 134
17697,006 050 133 134 150
17699,047
17702,008 168
17704,145
17705,076 145
17710,134
17715,010 022 024 039 046 070 074 093
17719,001 002 008 025 049 063 085 086 088 092 096
17720,025
17722,047
17725,045 059 079 100 134
17726,025 045 046 059 095 100 134
17733,181
17739,088 126 134 180
17741,118 188
17742,095 118 188
17744,097 101
17745,010 070
17746,010 070
17748,085 114
17750,134
17755,106 109
17758,056 097 103
17759,103
17763,044
17766,134
17770,034 099 166 172
17773,029 033 053 064 086 129 152 159
17779,134
17785,001 002 008 049 063 085 086 088 092 096 113 136 163
17790,086
17794,085 114
17799,088 180
17800,088 132
17802,026 134
17803,097 143
17804,031 032 075
17805,134
17810,106
17812,047 109
17813,076 145
17814,076 145
17823,006 097 143
17824,097 143
17827,129 148
17828,088 126 134 180
17834,097
17837,181
17839,012 017 060 098 102 133 154
17841,134
17844,009 028 065 090 091 134
17845,118 188
17847,181
17851,047
17859,001 002 008 049 063 085 086 088 092 096 113 136 163
17870,025 168
17874,047
17877,134
17878,015 065 085 119
17879,100
17881,023 115 128 134 164
17886,168
17892,009 025 028 065 090 091 095 134
17893,095
17897,047
17908,009 025 065 090 091 095 134
17909,088 180
17912,025 135
17914,044
17919,097
17920,031 032 075 097
17921,134
17923,132 133
17924,168
17930,107
17932,181
17934,134 180
17937,051 065 098 129 148 195
17938,009 025 065 090 091 095 134
17940,047
17941,047
17945,008 168
17948,001 002 008 049 063 085 086 088 092 096 113 136 163
17953,026 134
17963,134
17967,097 101
17973,086
17977,009 025 065 090 091 095 134
17978,006 009 025 028 037 050 065 090 091 095 133 134 150
17980,010 022 024 039 046 070 074 093
17981,107
17982,181
17983,181
17988,134
17989,095 118
17993,025 095 134
17995,034 099 166 172
17997,108
17999,097
18001,134
18004,132
18006,106
18012,075 160
18014,009 025 028 065 090 091 095 134
18016,001 002 008 049 063 085 086 088 092 096 113 136 163
18023,056 097 103
18025,088
18026,055 088
18031,009 025 028 065 091 095 134
18032,006 050 133 134 150
18034,086 152
18037,051 100 129 148
18040,088 180
18042,108
18047,106 109
18050,085 114
18053,075 160
18054,160
18055,025 095 134
18056,134 180
18062,108
18063,026 134
18068,033
18069,114
18071,044
18084,134
18086,075 160
18091,047 109
18094,100
18096,106
18098,100
18099,095 134
18100,095
18102,026 134
18108,100
18109,001 002 008 049 063 085 086 088 092 096 113 136 163
18111,075 160
18113,047
18114,047
18120,097
18121,031 032 075 143
18122,085 114
18123,022 026 033 045 091
18125,086 088
18128,056 097 103
18130,025 168
18133,009 025 028 065 090 091 095 134
18136,034 099 166 172
18140,031 032 075 097
18142,101 143
18153,006
18155,025 045 046 059 067 079 095 100 134
18156,134
18158,132
18165,107
18166,108
18168,047
18170,004 007 134
18178,022 026 033 045 091 108 129
18181,017 102
18182,088 180
18183,076 145
18184,047
18185,047
18198,134
18199,168
18202,044
18203,025
18204,046 059
18205,046 059
18206,009 025 028 065 090 091 095 134
18209,134
18212,051 065 098 129 148 195
18215,025 042 135
18217,095 134
18218,118
18221,086
18222,168
18230,001 002 008 049 063 085 086 088 092 096 113 136 163
18235,034 099 166 172
18237,009 025 028 065 090 091 095 134
18245,134 180
18248,086
18249,086
18251,132 133
18252,097
18253,097
18255,026 134
18265,045 046 059 079 100 134
18266,025 046 059 095 134
18272,004 007 134
18286,010 022 024 039 046 070 074 093
18287,086
18288,086 088
18289,100
18291,134
18292,023 115 128 134 164
18293,006 097 143
18294,097 101
18296,015 065 085 119
18298,086 152
18304,095 134
18307,088 126 180
18308,088
18314,001 002 008 049 063 085 086 088 092 096 113 136 163
18316,009 025 028 065 090 091 095 134
18320,107
18324,034 099 166 172
18325,047
18326,047
18336,107
18345,106 109
18346,088 126 180
18347,132
18350,001 002 008 063 085 088 092 113 136 163
18351,085 114
18360,009 025 028 090 095 134
18362,095 118
18364,034 099 166 172
18366,044
18368,025
18376,047 109
18377,004 007 134
18378,025 042 135
18387,047
18388,047
18389,001 002 008 088 092 113 136 163
18390,114
18391,086
18396,056 097 103
18399,006
18400,088 126 180
18401,055
18404,004 007 134
18406,100
18407,025 045 079 095 100 134
18410,021 028
18413,009 025 090
18414,006 037 050 090 100 133 134 150
18416,160
18417,056 097 103
18424,001 002 008 088 092 113 114 136 163
18428,088
18429,034 099 108 166 172
18432,044
18433,044
18435,025 045 079 095 100 134
18436,025 045 079 095 100 134
18445,004 007 134
18448,107
18450,034 108 166 172
18452,031 032 075 143
18458,095 118
18459,095
18460,009 025 133
18461,006 009 025 028 050 065 091 095 133 150
18462,160
18463,160
18464,006 097 143
18465,031 032 075 143
18468,134
18469,004 007 134
18472,088 126 180
18473,132
18490,037 090
18493,008 063 092 113 136 163
18496,006 101
18499,026 134
18503,075 160
18507,168
18508,017 060 102 133 154 168
18510,076 145
18511,034 108 166 172
18512,106
18515,004 007 134
18517,088 126 180
18518,086 088
18524,132 133
18525,006 009 025 050 133 150
18528,107
18529,095 118
18530,118
18531,025 045 079 095 100 134
18533,086 152
18534,004 007 134
18537,008 049 092 113
18538,088 126 180
18543,021
18548,107
18552,010 022 024 039 046 070 074 093
18556,034 106 108 166 172
18557,106 109
18561,034 099 166 172
18563,004 007 026 134
18564,026 134
18565,017 060 102
18578,008 049 088 092 113
18581,021 034 106 166 172
18582,047 109
18588,023 115 128 164
18589,088 126 180
18595,006 031 032 075 143
18601,006 101 188
18603,051 065 098 129 148 195
18604,004 007 026 134
18610,056 097 103
18611,044
18612,095 118
18613,095 134
18618,004 007 026 134
18626,025
18627,132
18629,051 100 129 148
18632,021
18634,086 088 126 180
18635,086
18640,004 007 026 134
18642,015 065
18645,086
18647,056 097 103
18648,044
18650,025 135
18653,009 025 133
18655,004 007 026 134
18664,008 049 088 092 113 182
18674,004 007 026 134
18681,114
18683,006
18685,004 007 026 134
18693,006 143
18694,031 032 075 143
18701,088 126 180
18704,006 075
18705,025 086
18707,009 025 028 133
18708,095
18714,088
18718,042
18719,091 150
18730,008 049 088 092 113 182
18731,107
18732,055 086 088 126 180
18733,086 088
18734,143
18735,134
18739,006 031 032 075
18742,004 007 026 134
18743,026 134
18744,042
18745,026
18749,017 060 102
18751,055
18758,021 034 106 109
18766,025 029 033 053 064 152
18767,042
18768,026
18771,006 028 050 065 091 095 133 134 150
18780,037 090
18783,042
18784,026
18788,132
18790,031 032 075
18794,114
18798,132 133
18803,088 126 180
18804,076 145
18810,160
18811,004 007
18812,021 034 106 108 109
18814,091 150
18815,006 101 188
18818,004 044
18822,010 022 024 039 046 070 074 093
18823,004 056 097 103
18828,001 002 008 063 086 088 096 182
18831,037 090
18835,055 088 126 180
18839,006 028 065 091 095 133 134 150
18840,095 118
18844,025
18852,075 160
18856,025 046 086
18857,086
18860,004
18874,182
18885,004
18890,025
18902,114
18908,006 101 188
18909,006 009 025 028 050 065 091 133 134 150
18910,118
18913,046 059
18922,046
18923,046
18925,026 042
18926,088 126 180
18929,007
18931,025 046 086
18936,134
18938,086
18940,001 002 008 063 088 096 113 182
18942,004
18943,143
18944,023 115 128 164
18948,055 088 126 180
18949,088
18952,114
18954,075 115 128 164
18958,025 135
18966,021 034 108
18973,012 017 060 102
18976,007
18985,025 029 033 046 053 064 152
18986,001 002 008 063 096
18988,021 034 106 108 109
18989,006 009 025 028 050 065 091 118 133 134 150
18990,006 091 150
18994,160
18997,004 056 097 103
19000,051 065 098 195
19001,021
19003,007
19004,007
19009,182
19010,008 049 092 107
19011,025 046 086
19014,001 002 008 063 096
19018,012 017 060 102
19022,026 042
19023,004
19025,075 160
19026,088 126 180
19027,055
19034,006 031 032 075
19036,008 049 092 107 182
19042,006 075
19044,114
19053,086
19061,132 133
19062,008 049 092 107 182
19064,055 088 126 180
19068,114
19069,143
19073,006 009 025 028 050 065 091 133 150
19074,150
19075,001 002 008 063 086 096
19081,037 090
19085,086
19087,132
19092,010 022 024 039 046 070 074 093
19099,026 042
19100,008 046 086
19104,008 046 086
19106,055 088 126 180
19109,076 145
19110,004
19111,004 044
19112,006 009 025 028 065 091 133 150
19113,022
19114,026 042
19117,075
19118,031 032 075
19119,025 046 086
19130,051 100 129 148
19134,114
19138,118
19139,008 092
19144,025 029 033 046 053 064
19146,100
19148,085 119
19149,025 046 086
19155,006 009 025 028 065 091 133 150
19156,006 091 101 150 188
19157,001 002 008 046 086 113 136 163 182
19167,026 042
19169,004 056 097 103
19182,025 135
19184,114
19187,046 063
19189,025 045 079 095 100 134
19192,055 088 126 180
19193,086
19194,008 092
19195,008 063 092
19197,055 088 126 180
19198,114
19200,029 033 046 053 064 152
19201,118
19202,118
19212,025 046 086
19214,006
19215,006 031 032 075
19221,009 025 028 065 101 133 134
19227,134
19237,023 101 115 128 164
19241,026 042
19242,046 059
19244,101
19247,009 025 028 133
19248,006 101 188
19253,101
19259,021 034 108
19260,023 075 115 128 134 164
19262,085 119
19270,046 059
19271,025 046
19272,053
19273,034 108
19276,160
19278,012 017 060 102
19281,075 160
19285,001 002 008 046 086 088 096 113 136 163 182
19289,044
19290,108
19291,021 109
19298,007
19299,055 088 126 180
19300,086
19301,118
19302,118
19304,021
19309,044
19310,025 029 033 046 053 064
19311,086
19312,063
19317,063
19324,025 046
19325,010 022 024 039 046 070 074 093
19330,001 002 008 046 086 088 096 113 136 163 182
19332,063
19338,007
19342,004 056 097 103
19343,132 133
19348,020 046
19349,006 009 025 028 050 065 133 134
19350,006
19357,022 025
19358,022
19360,101
19361,023 075 115 128 164
19374,007
19375,022 025
19382,007
19384,001 002 008 046 086 088 096 136 163 182
19392,118
19393,150
19397,026 042
19398,114
19403,026 042
19404,055 088 126 180
19406,063
19407,063
19409,006 009 025 028 050 133 134
19410,006 028 031 032 075 133
19412,114
19413,007
19417,076 145
19420,022 025
19424,063
19425,046
19432,001 002 008 046 086 088 096 136 163 182
19434,029 033 053 064 152
19435,118 150
19439,055 088 114 126 180
19442,037 090
19444,008 046 049 092 107 182
19447,022 025
19448,012 017 060 098 102 133
19453,007
19457,055 088 126 180
19459,025 033 046 086
19461,063
19462,063
19463,118
19464,118
19477,118 150
19478,091 150 188
19481,007
19486,029 033 053 064 152
19489,001 002 008 046 086 088 096 136 163 182
19493,025
19494,051 065 098 195
19497,088 096
19498,010 022 024 039 046 070 074 093
19500,004 056 097 103 132
19503,085 119
19508,001 002 046 136 163 182
19512,006 009 025 050 065 134
19513,006 031 032 075
19515,046
19516,053
19518,086
19520,025 135
19524,063
19525,046
19530,029 053 064
19531,006 009 134
19532,134
19535,022
19537,136 163
19542,133
19545,025
19546,051 100 129 148
19547,118
19548,118
19549,021
19551,026 042
19552,007
19554,021
19555,034
19556,118
19558,022
19562,046
19563,010 024 039 046 070 074 093
19564,075 160
19566,021 034
19567,021 108
19569,046 059
19573,088 096
19574,088 096
19575,055 088 114 126 180
19578,025 100
19579,100
19582,023 101 143
19583,160
19586,118
19587,028 032 091 133 150 188
19588,021
19589,021
19590,025 033 046 086
19594,118
19595,004 114
19599,020 029 033 053 064 152
19605,021
19607,046 088 136 163 182
19611,022 025
19613,114
19614,046 059
19617,006 009 025 050 065 101
19618,101 115 128 164
19619,008 046 049 092
19620,006 031 032 075
19623,086
19627,055 088 114 126 180
19628,114
19629,025 033 046
19632,025 045 079 095 100 134
19633,055 088 126 180
19635,025 100
19636,025 100 134
19642,025 100 134
19643,118
19644,118
19650,113
19653,007
19654,044
19655,022 025
19656,022
19662,025 033 046
19666,004 056 097 103 132
19669,007
19675,136 163 182
19677,023 101 143
19682,118
19683,006 009 101
19686,025 135
19687,046
19690,118
19692,113
19693,022 025
19694,012 017 022 060 098 102 133 154
19697,025 033 046
19698,132
19704,026 042
19708,004 114
19711,021
19714,118
19720,133
19722,025 033 046 053
19723,046 053
19726,007
19728,046
19735,118
19736,091 150 188
19738,118
19739,028
19740,136 163 182
19742,028
19745,026 042
19746,006 009 101
19747,075 115 128 164
19749,007
19751,055 088 126 180
19752,004 114
19753,132
19755,001 002 046 047 136 163 174 182 185
19756,001 002 046 047 136 163 174 182 185
19757,046
19758,046 063
19759,006 009 075 101 115 128 164
19762,007
19763,007
19766,004 055 088 114 126 180
19768,001 002 008 046 047 088 096 136 163 182 185
19773,020 029 033 053 064 152
19775,025 046
19776,053
19777,046 059
19778,118
19779,118
19784,001 002 008 046 047 088 096 136 163 182 185
19785,020 029 033 053 064
19786,029 053 064
19794,001 002 046 047 080 117 136 153 163 174 182 185
19796,114
19797,001 002 008 046 047 088 096 136 163 182 185
19799,114 180
19806,076 145
19808,008 046 049 092
19809,006 075 101 160
19810,101 160
19812,086
19813,046
19814,037 090
19815,001 002 008 046 086 088 096 136 163 182
19821,132
19823,046
19829,063
19830,063
19831,001 002 008 046 047 088 096 136 163 182 185
19832,001 002 004 008 046 047 088 096 117 163 174 182 185
19834,015 065 085 119
19837,007
19841,076 145
19842,001 002 008 046 047 086 088 096 136 163 182 185
19844,001 002 008 046 047 086 088 096 136 163 182
19845,025 046
19846,010 024 039 046 070 074 093
19847,025
19850,028 031 032 075 133
19852,004 114
19854,091 150 188
19856,001 002 008 046 047 086 088 096 136 163 182
19858,002 004 008 088 096 136 153 163 174 182 185
19859,021 028
19860,025
19864,026 042
19871,091 118 150
19872,007
19875,001 002 008 046 086 088 096 136 163 182
19876,025
19877,025
19881,132
19884,025 050 065 075 101 133 160
19885,023 101 143
19887,063
19889,001 002 008 046 086 088 096 182
19891,001 002 008 046 047 086 088 096 182
19892,020 029 033 053 064
19893,002 004 008 021 028 182 185
19895,075 101 133 160
19896,075 160
19898,118
19899,132
19902,044
19903,050
19906,025
19907,025 135
19911,086
19916,133
19917,126 180
19918,006 031 032 075
19919,053
19921,046 059
19922,101 133
19932,002 004 008 021 028 185
19935,132
19943,026 042
19949,025
19950,051 065 098 129 148 195
19951,132
19955,053
19956,118
19957,118
19959,002 004 008 021 028 185
19961,007
19962,007
19966,006 028 031 032 075 133
19968,046
19973,118
19974,028 032 091 118 133 150 188
19982,076 145
19986,012 017 022 098 102 133 154
19989,114
19990,114
19993,007 050
19995,180
19996,114 180
19998,033 053
19999,044 050
20000,025 050 065 101 133
20003,113
20004,020 029 033 053 064
20005,053
20008,055 088 126 180
20009,114
20015,133
20016,132
20018,126 180
20020,026 042
20023,006 075 133
20024,115 128 164
20029,118
20038,007
20044,126 180
20050,033
20051,053
20052,028 031 032 075 133
20054,113
20061,050 065 101 133
20063,132
20071,025
20072,025
20076,004 114
20077,023 101 143
20078,101
20081,006 075 133
20086,091 150
20088,118
20089,118
20092,028 032 091 118 133 150 188
20093,126 180
20095,004 117
20096,028 031 032 133
20100,033
20101,010 024 039 070 074 093
20103,063
20105,076 145
20109,117
20111,132
20114,086
20115,025 045 079 095 100 134
20118,025 050 065 101 133
20119,015 085 119
20125,046 059
20126,037 046 059 090
20131,025
20134,028 031 032 075
20137,004
20139,028 031 032 133
20142,053
20143,053
20144,028 031 032 133
20145,063
20147,006 075 133
20151,047
20152,132
20154,012 017 022 098 102 133 154
20155,091 150
20156,028 031 032 133
20157,028 031 032 133
20160,063
20161,114
20162,114 180
20166,004
20167,025
20168,025 051 100 129 148
20169,118
20174,006 075 133
20175,006 009 075 115 128 160 164
20177,091 150 188
20181,025 134
20189,025 050 065 101 133
20194,132
20197,007
20199,025
20200,025 135
20205,126 180
20206,008 046 049 092 107
20209,117
20213,132
20218,086
20221,133
20222,006 009 133 160
20223,007 050
20224,050 101 133
20228,047
20229,088 126 180
20235,053
20236,053
20241,004 117
20243,063
20249,012 017 022 098 102 133 154
20250,076 145
20252,050 101
20254,037 046 059 090
20256,051 065 098 129 148 195
20257,025 050 101 133
20262,132
20266,026 042
20281,117
20283,044 050
20284,025 050 101 133
20291,133
20292,133
20294,004 117
20295,025 134
20296,132
20302,053
20305,046
20307,025 050 101 133
20308,025
20309,033 053
20312,006 028 031 032
20313,046 049 092 126 180
20316,004 114
20321,128
20322,128
20323,008 046 049 092 107
20331,118
20336,025 135
20337,025 050 101 133
20338,046
20341,113
20343,117
20346,101
20347,020 029 053 064
20356,091 150
20357,063
20359,076 145
20365,004 117
20368,025 050 101 133
20369,025
20373,025 134
20374,091 150
20375,091 118 150 188
20378,132
20379,132
20380,015 085 101 119
20388,010 024 033 039 070 074 093
20390,113
20394,025 050 101 133
20398,076 145
20399,033 053
20400,053
20402,026 042
20404,015 085 101 119
20406,026 042
20412,047
20415,025 100 134
20416,025 134
20418,117
20419,118
20430,132
20431,086
20434,007
20435,050 101 133
20436,025 050 101 133
20439,004 117
20440,004 046 049 055 088 092 126 180
20441,046
20442,091 150
20443,091 150
20444,088 126 180
20445,180
20446,113
20449,008 046 092 107
20451,020 053
20458,051 100 129 134 148
20461,007 050 101
20469,047
20470,007 050 101 132
20479,033
20485,113
20486,118
20487,118
20494,050 101
20497,053
20502,025 050 101 133
20503,025 135
20504,004 007 050 056 097 101 103
20509,117
20514,102
20523,063
20525,004 117
20526,113
20527,046 118
20528,118
20533,133
20534,006 075 115 128 164
20535,004
20538,086
20539,091 150 188
20540,102
20541,012 017 022 098 102 133 154
20542,118
20543,118
20548,004
20549,004
20550,133
20551,006 009 133 160
20553,132
20554,004 007 050 056 097 101 103
20558,029 053 064
20561,028 031 032 075
20564,004
20565,004
20568,053
20569,033
20570,053
20574,117
20575,050 101 133
20576,026 042
20577,006 028 031 032 128
20579,053
20580,004
20581,002 004 008 021 028 086 161 185
20582,063
20583,063
20586,020
20588,007
20590,044 050
20591,026 050 101 133
20593,180
20596,004 117
20598,004 114
20601,050 101
20605,037 046 059 090
20610,132
20616,118
20617,188
20621,086
20628,049
20629,046
20630,113
20632,046 118
20638,050
20639,050
20643,117
20646,033
20647,010 024 033 039 070 074 093
20648,004 007 050 056 097 101 103
20652,101
20654,086
20655,025 100 134
20659,132
20661,050
20662,133
20663,135
20665,004 117
20675,047
20676,091 150
20677,091 118 150 188
20678,101
20679,101
20684,050 101
20687,007 101
20693,025 045 079 095 100 134
20699,006 075 128 164
20705,113
20706,053
20707,053
20710,134
20711,007 050 101
20712,050 101
20715,026 050 101 133
20716,026 042
20719,132
20721,117
20723,050 101
20726,006 075
20727,025 100 134
20729,025 045 095 100 134
20732,113
20735,102
20737,117
20741,004 117
20744,135
20745,042
20746,091 150
20747,091 150
20750,045 095 100
20751,101
20755,029 064
20756,113
20758,004 007 050 056 076 097 101 103
20761,047
20763,076 145
20768,102
20771,113
20773,132
20777,102
20778,012 017 022 060 098 102 133 154
20779,050 101
20786,117
20787,053
20789,118 188
20790,076
20791,050 101
20794,117
20795,132
20796,007 050 101 132
20797,091 150
20800,006 028 031 032 075
20804,049
20807,086
20808,026 044 050 101 133
20812,053
20813,053
20817,004 117
20820,182
20824,051 065 098 129 148 195
20825,046
20830,053
20831,015 085 101 119
20833,006 028 031 032 128
20834,050 101
20839,180
20842,020
20843,132
20845,086
20846,004 114
20849,007
20850,007
20852,044 050
20859,150
20861,029 064
20863,007
20864,182
20865,008 046 092 107 182
20866,117
20868,117
20870,004 086 114
20872,051 100 129 134 148
20873,117
20874,118
20875,091 118 150 188
20876,117
20877,150
20878,028 031 032 075
20881,117
20882,117
20883,075 128 164
20884,006 009 160
20886,117
20888,135
20889,053
20890,053
20891,117
20893,063
20894,117
20900,117
20901,133
20902,101 133
20905,050 101
20906,050
20907,117
20908,004 117
20909,006 028 031 032 075 128
20910,006 028 031 032 075
20911,026 044 050 101 133
20913,023 101 143
20914,015 085 101 119
20915,004
20919,037 046 059 090 118
20921,042 044
20924,050
20925,132
20927,004
20928,004
20929,004 007 050 056 076 097 103
20931,007 101
20932,101
20933,004
20934,004
20936,113
20939,063
20941,010 024 033 039 070 074 093
20943,046
20944,015 085 119
20946,053
20947,053
20949,042 135
20950,004
20951,002 004 008 021 028 086 161 185
20955,118
20956,026 044 050
20958,047
20961,076 101
20965,028 031 032 075
20967,086
20970,113
20974,004 055 088 126 180
20975,182
20976,117
20978,091 150
20981,050 132
20985,049
20987,118 188
20988,026 044 050 101
20992,029 064
20993,117
20999,051 098 148 195
21001,101
21006,101
21013,047
21014,026 044 050 101
21017,050 132
21022,028 031 032 075
21023,006 009 075 128 164
21027,026 101
21028,046
21033,117
21034,007 050 101 132
21035,134
21036,134
21037,113
21039,135
21041,008 046 092 107
21042,046
21045,026 044 050 101
21047,118
21048,091 118 150 188
21050,113
21051,113
21053,050 101
21055,117
21065,042 044
21068,023 101 143
21071,090 118
21074,063
21077,006 028 031 032 075 115 128 164
21078,050 132
21085,053
21089,007
21090,007 180
21091,049
21092,007 050 101
21094,026
21099,004 007
21100,026
21102,007
21103,031 032
21104,028 031 032
21108,117
21116,026 044 050 101
21117,044 050
21118,091 150
21119,091 150
21120,004 007 050 056 097 103 145
21122,051 098 148 195
21125,020 053
21128,004 007
21131,117
21133,026 101
21135,042 135
21136,117
21140,117
21141,113
21143,117
21144,117
21145,026
21146,026
21148,026
21154,026
21156,012 017 022 060 098 133 154
21172,004 086 114
21177,020 053
21178,053
21182,051 100 129 134 148
21186,026
21188,026
21189,113
21190,113
21193,091 150
21195,004
21198,050 132
21199,007 050 101 132
21200,026
21201,026
21202,026
21207,118 188
21208,007 050 056
21211,004
21212,004
21213,006 028 031 032 075 115 128 164
21214,006 028 031 032 075 115
21217,020
21218,010 024 033 039 070 074 093
21219,150
21224,026
21225,026
21227,004
21228,002 004 008 021 028 086 161 185
21229,113
21232,047
21234,015 085 119
21236,135
21237,150
21244,113
21246,086
21249,007 050 056
21250,004 007 050 056 097 103 145
21251,101
21252,101
21254,117
21256,008 046 092 107
21258,063
21259,046
21262,029 064
21263,101
21264,076 101
21265,004
21266,150
21267,150
21270,004 049 055 063 088 092 126 180
21271,063
21274,117
21276,047
21277,059
21278,113
21280,007
21284,188
21287,023 101 143
21288,101
21302,007 050 101
21304,006 009 028 031 032 075 128 164
21305,007 050 056
21307,042 135
21308,101
21323,023 101 143
21331,117
21337,050 101
21338,007 050 101 132
21346,180
21347,004 007 050 056 097 103 145
21352,117
21354,006 028 031 032 075 115
21355,006 075 115
21356,002 004 008 021 028 086 161 185
21359,091 150
21361,007
21362,004 113
21363,113
21366,029 064
21371,117
21374,007
21375,113
21376,113
21386,049
21390,020
21393,091 150
21394,117
21396,117
21399,117
21403,117
21406,117
21408,117
21410,117
21412,117
21413,117
21415,042 044
21417,051 100 129 134 148
21418,006 028 031 032 075 115 128 164
21424,004 007
21428,047
21435,091 150
21436,091 150
21439,100
21442,117
21450,118
21462,100
21463,100
21465,004
21466,006 028 031 032 075 115 128 164
21472,086
21473,086 114
21485,004 049 063 088 180
21496,010 020 024 033 039 070 074 093
21505,004
21507,047
21510,004
21511,023 101 143
21512,004
21513,004
21520,004 007 050 056 097 103 145
21522,076
21524,004 049 063 088 180
21527,015 085 119
21528,004
21529,004
21532,004 113
21533,113
21534,008 046 092 107
21536,004
21537,002 004 008 021 028 086 161 185
21540,023
21541,023
21546,023
21549,086
21556,007
21558,063
21559,055 092 126
21560,049
21564,101
21566,100
21567,045 095 100
21568,023
21573,117
21575,118
21576,023
21579,047
21582,023
21591,023
21595,117
21596,117
21597,023
21600,023
21604,150
21609,023
21610,023
21611,135
21621,023
21624,117
21627,095 100
21628,113
21630,023
21632,007 050 101
21633,007 050 101 132
21637,023
21638,042 044 135
21644,117
21645,117
21646,023 042 044
21650,180
21658,051 100 129 134 148
21662,047
21667,188
21670,004 055 088 126 180
21671,008 046 107
21672,006 009 028 031 032 075 115 128 160 164
21676,006 028 031 032 075 115 128 164
21678,020
21679,101 143
21680,028 031 032
21681,006 028 115
21682,004 113
21688,004 007 050 056 097 101 103 145
21689,086
21691,047
21696,063
21697,004 049 063 088 180
21701,007
21709,045 079
21718,059
21720,118 188
21725,020
21728,091 150
21729,004
21730,004
21732,117
21739,004 007 086 114
21740,079
21741,023 042 044
21742,042 044
21743,004 007
21744,004 007 114
21747,117
21748,080
21749,101 143
21754,023
21755,117
21756,117
21761,007
21762,117
21764,004 049 063 088 180
21765,004
21768,117
21772,020
21773,010 020 024 033 039 070 074 093
21776,047
21777,117
21779,006 028 031 032 075 115 128 164
21780,006 075 115
21781,117
21784,012 060 154
21785,117
21787,101
21788,076
21789,004 055 088 126 180
21792,117
21793,117
21796,091 150
21800,006 028 031 032 075 115 128 164
21821,118
21826,004 113
21827,113
21828,047
21832,007 076 132
21833,007 132
21836,079
21837,049
21838,055 092 126
21839,004 049 088 180
21852,100
21863,008 046 107
21866,101 143
21869,042 044 135
21873,004
21874,004 007 050 056 086 097 103 145
21875,004 007 086 114
21878,118
21887,091 150
21889,033 070 074
21893,002 004 008 086 161 185
21898,031 032 075
21899,006 009 028 031 032 115 128 160 164
21901,117
21905,015 085 112 119
21908,090
21909,118
21916,047
21917,079
21928,090
21931,007 101
21938,091 150
21939,150
21944,033 070 074
21947,006 009 031 032 075 115 128 160 164
21949,047
21950,023
21954,180
21955,023
21957,101 143
21963,090
21965,118
21966,004 113
21967,047
21969,004 055 088 092 126 180
21974,004 049 063 088 180
21983,006 009 075 128 160 164
21987,079
21989,080
21997,091 150
22001,100
22002,045 095 100
22003,010 020 033 070 074
22008,007
22010,080
22011,076 101
22014,188
22016,076 132
22020,090 118
22022,010 020 024 033 039 070 074 093
22023,007
22024,004 007
22027,076
22028,076
22042,047
22048,015 085 119
22049,007 086 114
22051,047
22065,079
22066,100
22067,095 100
22074,091 150
22079,004 007 050 056 086 097 103 145
22088,004 055 088 092 126 180
22091,101 143
22094,079
22095,010 020 033 070 074
22096,012 060 154
22100,004
22101,079
22103,091 150
22108,004 055 088 092 126 180
22118,033
22120,079
22127,004
22129,180
22132,004 113
22134,004
22135,004
22136,079
22145,055 092 126
22146,180
22149,079
22152,042 044
22156,091 150
22157,150
22163,007 101
22164,076
22169,059
22171,047
22172,101
22175,117
22178,091 150
22181,007 086 114
22190,033
22192,180
22197,012 020 070
22203,006 028 031 032 075 115 128 164
22204,006 115
22205,049 063 088 180
22208,047
22209,101 143
22213,004 055 088 126 180
22215,004 055 088 092 126 180
22220,091 150
22223,015 085 119
22224,015 029
22228,091 150
22229,091
22234,015 085 119
22235,033
22236,070
22243,004 007 050 056 086 097 103 145
22244,004 007
22246,076
22249,180
22255,047
22256,012 020 070
22257,051 100 129 134 148
22258,004 113
22260,076
22261,076
22262,091 150
22263,150
22264,007
22265,007
22270,117
22271,101
22273,007 046 086 114
22284,006 009 075 128 160 164
22286,010 020 024 039 074 093
22287,080
22305,010 033 060 074 154
22306,046
22324,047
22327,055 092 126 180
22328,180
22333,101 143 150
22337,091 150
22338,150
22340,079
22344,007 050 056 086 097 103 145
22345,090
22347,020 070 095 100
22348,100
22351,150
22355,004
22356,010 020 024 074 093
22361,188
22367,004
22376,180
22377,055 092 126 180
22386,049 063 088 180
22393,047
22395,080
22397,117
22399,010 020 024 074 093
22401,007 101
22402,007 046 086 114
22407,004 113
22408,117
22411,015 085 119
22412,150
22413,042 044
22414,091 150
22415,150
22429,020 070 095 100
22430,045 070 095 100
22433,004 113
22436,046
22443,015 085 119
22446,007 046 050 056 086 097 103 145
22449,101
22451,101 143
22452,042 044 150
22453,055 092 126 180
22455,039 093
22460,010 020 024 074 093
22461,033 070
22465,090
22466,188
22469,150
22471,150
22474,091 150
22475,150
22477,150
22479,055 180
22483,020 045 070 095 100
22484,095 100
22490,180
22492,008 046 107
22498,046
22499,046
22501,047
22504,010 020 024 033 070 074 093 095
22505,017 022 024 133 154
22510,093
22513,079
22514,091 150
22516,079
22517,037 046 079
22520,006 028 031 032 075 091 115 128 164
22521,006 009 075 115 128 160 164
22526,007 046 101
22528,150
22538,076
22543,004 113
22545,101
22547,007 046 050 056 086 097 101 103 145
22548,007
22549,020 070 095
22551,070
22555,015 085 119
22557,093
22559,055 092 126 180
22560,055 092 126 180
22561,049 063 088 180
22562,047
22568,150
22575,070
22577,007 101
22580,091 150
22587,020 070 095 134
22588,012 020 095
22593,150
22600,093
22604,045
22605,150
22606,150
22616,080
22620,117
22625,004
22626,007 046 101
22630,055 180
22633,049 063 088 180
22639,004
22640,101
22649,007 046 086 101 114
22656,023
22660,042 044 135 150
22661,150
22662,076
22663,076
22669,101 143 150
22680,055 092 126 180
22681,004 113
22689,012 020 070 095 134
22690,020 070 095 100 134
22695,007 046 101
22696,046
22704,012 020
22714,049 063 088 180
22715,047
22719,080
22728,150
22733,101
22739,007 101
22747,007 086 114
22749,012 020
22750,020 045 070
22752,150
22754,004
22770,046 090 188
22773,150
22777,070
22784,051 098 148 195
22787,150
22792,046 101 114
22795,070
22796,046 050 086 097 103 145
22797,055 092 126 180
22798,055 180
22801,008
22805,004
22813,150
22816,150
22817,070
22823,045 070
22824,004
22825,080
22826,042 044 135 150
22827,150
22828,150
22831,101
22832,046 101
22840,045 070
22853,046 050 097 103 145
22859,037 046 079
22860,046 193
22861,015 085 091 115 128 150 160
22866,004 113
22872,070
22876,046 193
22878,004 113
22883,046 193
22884,049 063 088 180
22886,046 188
22889,004
22890,004
22895,150
22896,150
22899,046 193
22902,046 193
22905,101 143 150
22909,046 193
22911,007 086 114
22917,046 188
22919,070
22923,046 193
22926,047
22929,008
22931,046 193
22950,046 188
22953,046 193
22955,047
22957,004
22958,004
22966,046 193
22971,150
22972,150
22975,046 193
22976,042 044 135 150
22978,004
22979,007 050 086 114 193
22981,004
22985,046
22986,046
22987,047 055 092 126
22988,047
22989,004
22991,070
22993,046
23004,193
23007,046
23009,070 188
23011,012 020
23015,004
23018,046
23020,150
23021,046
23022,046 188
23023,046 070
23024,180
23025,047 180
23028,046
23031,046
23033,150
23034,046 090
23037,046 193
23040,042 044 135 150
23044,150
23045,070 188
23047,046 150 193
23051,193
23055,047
23063,012 020 045
23073,080
23074,193
23086,012 020
23087,049 063 088 180
23094,193
23097,070
23099,070 150 188
23100,150
23105,004
23107,046 050 097 103 145
23111,046
23114,046 164
23116,070 150 188
23117,046
23119,004 113
23120,004
23124,004 080
23125,086 145
23126,070
23128,047
23130,004
23133,070 150 188
23134,150
23137,070
23138,070 188
23140,046 070 188
23141,070 188
23148,193
23149,047 055 092 126
23152,150
23161,008
23165,070
23172,193
23175,004
23176,004
23178,045
23181,180
23182,047
23184,047
23189,193
23191,076
23196,193
23198,046 070 188
23199,046 070
23201,047 180
23202,070
23203,070
23209,004 113
23210,004
23211,090
23213,070 150 188
23214,150
23216,004
23219,042 044 135 150
23225,193
23230,086 145
23237,070
23238,037 046 079
23241,045
23249,046 188
23259,046
23260,070
23266,006 042 150
23268,080
23271,046 070
23273,004
23275,049 063 088 180
23276,117
23283,046 070
23287,047
23295,006 042
23296,070 188
23297,004
23299,046 070
23303,006 044 135
23306,004
23307,046 070
23309,045
23313,046 070
23314,047 055 092 126
23317,145
23318,012 020 045
23319,046 188
23320,046
23321,113
23322,080
23324,006 042
23336,070 150 188
23339,004
23340,004
23341,006 042
23347,006 042
23352,047
23354,047
23355,047 180
23358,042 046 188
23359,070 188
23363,006 042
23364,006 044 135
23365,060
23367,046 050 097 103 145
23372,070
23373,070 188
23374,007 114 193
23375,145
23378,004
23381,070 150 188
23389,006 042
23390,060
23393,046 101 143 150
23401,047
23404,012 020
23406,113
23410,008
23411,047 180
23415,006 042 150
23416,004
23418,046 188
23419,042 070
23420,047
23421,047
23423,045
23426,006
23435,046 107
23437,046 070 090
23438,047 055 092 126
23439,047
23441,117
23445,046
23446,045
23449,012 020
23450,012 020 045
23453,049 063 088 180
23455,046 050 097 103 145
23467,113
23481,006 044 135
23485,080
23487,046 050 097 103 145
23488,060
23489,012 020
23502,180
23504,046 101 143 150
23509,047
23514,037
23516,004
23519,008 180
23521,113
23525,042 046 076 188
23535,086
23537,045
23538,045
23539,008 180
23548,046 070
23549,046 070
23552,006
23557,012 020 045
23561,047
23565,004
23566,004
23574,070
23575,042 046 188
23576,188
23578,113
23583,046
23584,047 055 092 126
23587,070 090
23590,047
23598,046 050 097 103 145
23600,045
23602,042 046
23607,046 070
23608,046
23614,004
23616,047
23623,006
23624,006 044 135
23636,047
23640,042 046 076 188
23641,042
23644,046 076
23645,046 101 143 150
23650,046
23651,020 045
23653,006
23655,049 063 088 180
23659,004
23661,076
23662,046 070
23663,046 070
23668,080
23669,045
23670,188
23671,042 046 179
23673,037
23679,007 101 114 145 180 193
23682,020 045
23683,004
23685,117
23686,046 050 097 103 145
23691,070
23696,113
23700,070
23703,006
23706,046 070 090
23709,005 008
23712,012 020 060
23714,070 090
23717,042 046 076 188
23721,004
23724,045
23726,046
23730,004
23732,020 045
23735,188
23736,028
23739,004
23742,047 055 092 126
23743,047
23748,101 143 150
23752,046 107
23760,044 135
23762,188
23770,180
23779,004
23780,004
23781,050 097 103 145
23791,049 063 088 180
23794,107
23796,045
23801,113
23807,020 045
23809,045
23813,107
23816,046 070
23817,046 070
23819,004
23822,007 101 145
23823,007 101 145
23824,042 046
23826,045
23829,047
23836,045
23837,037
23844,042 046
23845,006
23847,046 076
23849,080
23855,046
23864,008
23868,113
23872,188
23873,056 086 193
23877,046 076
23884,004
23886,046 070
23890,046
23893,020 045
23896,113
23898,070
23900,004
23909,107
23912,070
23916,055 092 126
23921,060
23924,070
23930,044 135
23931,046 050 097 103 145
23934,070
23935,070
23936,042 046
23941,070
23942,070 090
23943,180
23945,113
23951,028
23953,004
23954,046 101 143 150
23955,046 070
23956,046 070
23967,117
23968,020 045
23970,042 076
23971,042 046
23985,060
23986,012 020 060
23990,042 076 188
23992,046 070 090
23993,004
23994,004
23995,113
24001,180
24002,049 063 088 180
24004,042 046 076 188
24010,046
24011,046
24014,042 076 188
24015,004
24016,004 008 028 161
24017,042 076
24020,020 045
24026,006
24030,046 050 097 103 145
24033,023 046 076
24036,008
24040,006
24042,007 101 114
24044,007 101 145
24048,044 135
24054,004
24055,004
24057,080
24059,113
24062,046 076
24065,046 076
24066,042 076
24074,055 092 126
24077,047
24080,107
24083,042 046
24084,042 076 188
24085,046 101 143 150
24086,046 076
24087,045
24090,020 045
24096,188
24097,180
24102,046 050 097 103 145
24105,037 045 079
24108,046 070
24109,046 070
24116,113
24120,007
24121,007 101
24126,188
24127,042 046
24128,049 063 088 180
24132,046
24139,042 046 076 188
24140,042 076 188
24141,101 143 150
24146,046 070
24147,046 070
24148,180
24150,004
24151,004
24158,007 145
24161,117
24162,117
24165,113
24172,044 135
24175,047
24176,006
24180,020 045
24181,045
24183,007 145
24184,046 188
24186,008
24190,006
24194,004
24195,004
24196,004
24197,004
24198,046 070
24199,046 070
24207,028 044 076 091 115 135
24208,044 135
24218,113
24220,046 076
24223,055 092 126
24224,117
24226,063 080 180
24227,042 046
24228,042 046
24234,046 101 143 150
24235,023 076
24236,180
24238,046
24239,023 046 076
24245,049 063 088 180
24259,012 020 060
24262,020 045
24263,037 045 079
24268,113
24273,046
24278,055
24279,046 076
24280,042
24281,046 188
24282,032 042 044 046 070 164 177 178 179 188
24284,055
24288,063 180
24290,047
24291,180
24293,101 143 150
24294,023 076
24298,070
24303,007 101 145
24304,101
24305,046 050 097 103 145
24308,076
24310,020 060
24315,046 070 090
24317,007 056 114
24320,044 076 135
24321,006
24322,113
24324,006
24326,008
24328,042 046
24333,090
24337,007 056
24342,055 092 126
24343,117
24349,020 060
24353,049 063 088 180
24354,063 080 180
24357,049 063 080 088 180
24370,090
24371,107
24372,107
24373,180
24374,008
24378,020 037 045 079
24381,113
24384,117
24386,007 145
24387,046
24390,042 046 076
24391,042
24392,046 050 097 103 107 145
24405,007 145
24406,007 145
24408,063 080 180
24412,020 060
24416,007 056
24420,008 028
24424,090
24431,180
24432,180
24434,046
24436,020 060
24438,023 076 101 143 150
24441,006
24450,055 092 126
24451,055
24452,020
24457,055
24462,047
24463,006
24469,042 044 046 076 135
24474,020
24480,049 088
24482,076 091 115
24483,046 076
24485,046
24486,049 088
24487,046 050 097 103 107 145
24488,046
24492,044 076 135
24497,042 046
24498,042 044 046
24499,020
24503,046
24504,076
24507,107
24508,047
24512,063 180
24515,046
24522,020
24524,007 101 145
24528,180
24529,008
24531,046
24533,055 092 126
24540,117
24543,020
24544,020 037 045 079
24545,080
24546,063 080 180
24551,117
24571,049 088
24576,042 044 046 076
24578,070
24581,180
24582,008
24586,007 101 145
24587,007
24588,050 097 103 107 145
24589,107
24591,055
24593,007 145
24600,046
24601,046
24602,006
24609,046 070
24610,046 070
24612,007 145
24616,006
24622,007 056
24633,049 088
24640,050 097 103 107 145
24641,063 180
24642,063 080 180
24648,055 092 126
24656,076 091 115
24659,007 145
24660,007 145
24664,050
24667,046
24673,180
24676,046
24681,046
24682,046
24701,006
24707,076
24718,117
24724,180
24725,008
24726,055
24730,046 050 097 103 107 145
24731,107
24736,076
24737,101
24741,050 097 103 107 145
24742,047 050 107
24747,006
24753,076
24756,049 088
24760,063 180
24761,063 080 180
24766,117
24767,007 056
24770,076 091 115
24779,076 091 115
24791,008
24798,050
24800,046
24808,055 092 126
24810,180
24812,046
24815,020 037 045 079
24816,097 103 145
24818,076 091 115
24828,047 050
24831,076
24836,101
24840,055
24841,063 080 180
24842,006
24843,006
24847,070
24852,097 103 145
24854,180
24859,006
24864,049 088
24866,076 091 115
24872,097 103 145
24877,008 028
24880,006
24886,070
24895,047 050
24899,076
24900,076
24904,076 091 115
24909,050
24913,007 056
24918,008
24925,117
24927,097 103 145
24931,180
24932,117
24936,101
24937,007
24942,117
24943,117
24946,055 063 080 180
24947,063 080 180
24948,006
24954,097 103 145
24955,007 145
24956,007 101
24958,049 088
24961,006
24963,008
24968,076 091 115
24971,180
24973,076 091 115
24977,055 092 126
24979,008 028
24980,097 103 145
24988,006
24991,050
24992,047 050
24997,006
25004,006
25011,007 101 145
25012,006
25013,006
25014,006
25015,006
25021,006
25027,097 103 145
25032,055
25034,006
25035,023 076 101 143 150
25036,076
25037,049 088
25040,046
25041,046
25048,046
25050,006
25057,180
25058,117
25063,076 091 115
25066,008
25067,049 088
25071,180
25072,117
25075,007 101 145
25084,007 101 145
25087,006
25091,037 079
25100,008
25103,180
25113,097 103 145
25115,049 088
25117,055 092 126
25118,063 080 180
25119,006
25120,006
25126,047 050
25127,023 076 101 143 150
25134,076 091 115
25136,006
25138,055
25144,006
25145,006
25148,006
25149,006
25157,008 028
25162,049 055 088
25166,056 086 193
25172,076
25174,055
25178,007 101 145
25184,007 101 145
25189,049 055 088
25201,117 180
25206,008
25209,006
25212,097 103 145
25213,008
25214,180
25215,117 180
25218,076 091 115
25220,047 050
25223,055 092 126 180
25228,047 050
25239,006
25240,006
25247,049 055 088
25248,055
25257,086 193
25259,049 055 088
25262,076 101 143 150
25269,076
25276,006
25277,006
25286,006
25287,076
25301,076 091 115
25303,097 103 145
25304,008
25306,063 080 092 126 180
25313,008
25314,047 050
25318,055 092 126 180
25327,049 055 088
25329,055
25332,055
25335,008
25341,076
25346,180
25347,117
25349,117 180
25350,007 101 145
25353,076
25358,101 143 150
25362,076
25363,076
25368,006
25369,006
25370,076 091 115
25372,055 092 126 180
25377,097 103 145
25382,008
25385,008 047 050
25386,092 180
25391,008
25404,076
25408,097 103 145
25413,055 092
25422,055
25425,008
25427,076 091 115
25430,055
25433,101 143 150
25435,097 103 145
25437,086 193
25438,008 047 050
25441,007 101 145
25449,007 101 145
25453,008
25457,055
25458,063 080 126 180
25460,008
25466,076
25467,092 180
25470,117 180
25471,008
25474,117 180
25477,076
25478,076
25486,076
25487,055 092
25495,097 103 145
25496,117 180
25498,076
25499,126 180
25503,055
25508,076 091 115
25510,076
25511,076
25521,008
25522,063 180
25524,117 180
25526,008
25534,117
25535,101 143 150
25537,092 126 180
25538,126 180
25541,055
25542,008
25543,008
25544,097 103 145 180
25546,101 143 150
25547,008
25548,008
25549,080
25552,055 092
25557,092 180
25558,126 180
25561,008
25562,008
25566,076
25570,008
25577,055
25578,055
25582,076 091 115
25583,076
25587,008
25593,055
25594,101 143 150
25596,047 050 056 086 114
25601,063 126 180
25602,126 180
25608,076 091 115
25610,092
25614,008
25616,047 050
25620,008
25627,055 092
25631,008
25632,008
25633,080
25634,008
25635,008
25638,091 115
25640,008 050 056 086 193
25641,008
25643,117
25646,055
25647,055
25649,117
25650,047 050 056 086 114
25653,047 050
25654,101 143 150
25658,097 103 145 180
25660,008
25666,008
25673,063 180
25674,126 180
25681,092
25685,047 050
25688,008
25689,008
25690,008
25691,008
25694,055
25695,055
25703,008
25704,008
25709,080
25710,101 143 150
25727,008
25730,007 047 050 101 114
25731,007 101
25734,063 180
25735,126 180
25736,091 115
25742,047
25743,063 180
25746,117
25753,117
25754,007 047 050 101 114
25755,080 097 103 145 180
25757,092
25758,092
25763,080 145
25764,050 056 086 193
25767,008
25768,008
25769,008
25777,047 050 056 086 114 193
25778,126 180
25780,008
25781,008
25784,007 047 050 101 114
25790,117
25794,047
25804,117
25806,008
25807,117
25810,145
25811,145
25812,063 180
25813,092
25817,047
25819,007 047 050 101 114
25821,091 115
25827,080 097 103 145 180
25830,008
25831,008
25835,047
25837,047
25847,117
25848,008
25849,008
25850,008
25852,080 145
25854,091 115
25858,126 180
25867,117
25870,080 145
25871,007 047 050 101 114
25872,047
25874,047 114
25877,008
25881,063 092 180
25882,092
25886,007 047 050 101 114
25887,050 056 086 193
25889,180
25890,180
25891,008
25893,007 047 050 101 114
25894,047 114
25896,050
25897,080
25906,008
25907,008
25924,007 047 050 101 114
25925,050
25928,080 145
25932,117
25934,063 092 180
25936,056 086 193
25938,126 180
25939,007 047 050 101 114
25941,080 145
25942,091 115
25946,180
25947,180
25948,092 180
25949,008
25950,117
25953,180
25954,180
25956,008
25959,007 047 101 114
25960,007 047 050 101 114
25966,117
25974,008 117
25975,080 097 103 145 180
25978,063 180
25982,117
25983,007 047 050 101 114
25990,080 097 103 145 180
25991,080
25995,092
26001,145
26002,080 145
26004,092 180
26005,008
26006,008 117
26007,126 180
26008,180
26012,007 047 101 114
26014,080 145
26016,126 180
26019,007 050 101
26020,056 086 193
26023,117
26025,007 047 101 114
26030,145
26032,091 115
26033,063 180
26035,008
26041,080 145
26043,080 145
26048,007 050 056 101
26050,092
26056,008
26060,180
26061,092 180
26063,047 114
26065,117
26069,080 145
26070,050
26074,080 145
26077,007 047 101 114
26078,007 047 101 114
26079,063 180
26081,008
26082,117
26083,180
26085,091 115
26090,117
26096,180
26102,080 145
26105,080 145
26109,092
26111,126 180
26118,050
26122,007 050 056 101
26128,117
26130,080 145
26132,007 047 101 114
26133,047 114
26138,092
26139,050
26144,117
26146,047
26152,080 097 103 145 180
26156,008
26157,080 145
26164,180
26166,080 145
26171,117
26176,007 101 114 143
26179,092
26180,091 115
26181,050
26185,007 050 056 086 101
26193,047 114 143
26197,117
26200,091 115
26204,126 180
26207,092
26208,047
26215,080 145
26218,008
26219,145
26220,092 126 180
26225,007 101 143
26229,117
26232,050 080 145 185
26236,114
26237,050 097 103 180 185
26238,180
26242,092
26244,050 056 086
26245,050
26246,117
26248,047
26249,114 143
26250,008
26259,080 145
26264,145
26265,097 103 180 185
26268,007 101 143
26271,050 056 086
26274,050 056 086 193
26275,097 103 180 185
26276,180
26278,143
26279,143
26282,114 143
26284,114 143
26285,114 143
26286,092
26289,114 143
26291,047 143
26294,114 143
26295,056 086 193
26296,117
26299,143
26300,143
26301,101 143 150
26303,143
26305,050 080 145 185
26310,097 103 180 185
26311,092 126 180
26312,008
26315,080 145
26322,145
26324,143
26327,092 097 103 126 180 185
26334,143
26336,050
26337,080 145
26338,050 080 145
26339,080 145
26340,050
26343,145
26349,092 097 103 126 180 185
26355,008
26360,008
26363,056 080 086 145 193
26366,092 097 103 126 180 185
26367,092
26369,050 080 145 185
26375,080
26379,008
26382,008
26383,050
26384,080 145
26385,008
26390,008 050 080 145 185
26391,092 097 126 180 185
26392,056 086 193
26393,143
26395,008
26398,008
26402,086 193
26403,080
26404,008
26406,143
26407,056 080 117 145
26411,008
26417,008
26423,097
26424,092 097 126 180 185
26429,050 080
26433,080 145
26435,056 080 117 145
26439,080 145
26442,008
26443,097
26444,008 050 080 145 185
26453,008
26454,008
26460,091 115
26462,143
26463,056 080 117 145
26464,080 143
26469,080 185
26471,008
26472,008 021 028 097
26473,008 050 080 145 185
26475,080 117 143 145
26477,056 080 086 193
26478,080 145 185
26482,050 080
26486,097
26487,008
26491,008
26492,101 114 143 150
26501,056 086 193
26503,080 117 143 145
26504,080 143 185
26505,056 080 145 185
26506,056
26509,080 117 143 145
26512,097
26513,021 097
26514,080 185
26519,008
26520,008
26522,056 080 086 185 193
26527,050 080
26528,008
26530,145
26537,050
26539,056 080 086 185 193
26542,056
26543,056 080 117 143 145 185
26545,080 117 143
26548,145
26549,086 185 193
26551,080 117 143
26552,080 117 143
26553,008
26556,008 050
26557,008
26559,021 097
26565,080 185
26566,080
26571,145
26572,080 117 143 145 185
26576,047
26577,080 185
26579,056 185
26580,185
26581,080
26582,080 117 143 145 185
26585,050
26586,080 117 143
26587,080 145
26588,008 050
26589,056 086 193
26592,097
26594,080 185
26603,056 185
26606,080 185
26608,145
26611,145
26614,047
26618,008
26619,008 050 080 145 185
26620,080 117 143 185
26626,008 050 080 185
26628,080 117 143
26629,080 117 185
26630,185
26632,008 050 080 145 185
26634,080 185
26635,080 185
26636,050 185
26637,050
26641,097
26646,185
26648,185
26650,080 185
26656,117
26657,080 143
26660,145
26661,080 117 143 185
26669,145
26670,185
26672,047
26674,185
26677,080 185
26678,185
26679,008 050 080 185
26680,008 050 080 145 185
26685,008 028 097
26686,185
26687,185
26690,185
26695,117 185
26696,080 143
26699,185
26700,080 185
26701,080 117 143 185
26704,080 145 185
26706,101 114 143 150
26709,185
26712,117
26714,185
26718,047
26724,145
26725,080 185
26726,080 145 185
26730,080 143
26732,185
26733,185
26735,145
26740,117 185
26741,080 143
26743,185
26745,091 115
26750,101 114 150
26754,101
26756,117 185
26758,008 028 097
26762,080 143
26764,145
26765,185
26766,185
26771,091 115
26774,080 143
26778,101 145
26779,101
26786,117
26788,145
26789,114 150
26791,101
26794,185
26797,091 115
26799,185
26803,047
26805,117 185
26815,080 143
26821,080 143
26822,080
26823,117
26824,117 185
26827,185
26828,145 185
26829,091 115
26840,091 115
26850,047
26853,145
26860,117 185
26861,143
26867,080 143
26871,117 185
26872,114 145 150
26881,080 143
26882,143
26888,080
26895,117 185
26898,117 145 185
26899,117 145 185
26901,117 185
26902,117 185
26907,145 185
26908,080 143
26909,047 091 117 145 185
26915,047 114 117 145 150 185
26918,091
26920,117 185
26921,117 185
26922,117 185
26924,080
26933,117 185
26937,143
26939,117 185
26940,117 185
26945,080 143
26952,080 145
26955,047 091 114 117 145 150 185
26956,117 185
26964,117 185
26965,091
26969,143
26972,091 101 117 185
26976,117 185
26979,117 185
26981,091
26982,091
26985,117 185
26986,117 185
26988,047 091 114 117 145 150 185
26991,091 101
26992,145
26993,080 143
26996,091 101
27003,080 145
27006,047 091 114 117 145 150 185
27012,091 101
27018,143 145
27020,091
27021,117 143 185
27022,117 185
27023,091
27024,117 143 185
27027,143 145
27033,091 101
27036,091 101
27037,145
27038,080
27041,091
27042,091 101
27043,091 115
27045,091 115
27046,047 091 114 117 145 150 185
27053,080
27063,091 101
27064,143
27068,091 101
27070,143 145
27075,145
27076,143 145
27080,047 091 114 117 145 150 185
27084,143
27085,080
27088,091
27090,091
27092,091
27093,091 101
27094,143
27095,080 143
27102,047 091 114 117 145 150 185
27109,091 101
27113,143 145
27115,091 101
27123,143
27124,143 145
27130,080
27131,091 101
27138,091 101
27140,047 091 114 117 145 150 185
27141,114 117 145
27143,080
27147,047 091 114 117 145 150 185
27150,047 114 117 145 150
27155,143
27156,143 145
27159,151
27161,143 145
27165,091 150
27169,091 150
27170,091 101
27173,080
27176,091 101
27182,080
27183,143
27189,047 114 117 145 150
27190,047 091 114 117 145 150 185
27193,091 101
27194,143 150
27195,143 145
27196,047 114 117 150
27200,047 091 114 117 145 150 185
27202,091 101
27203,150
27204,047 091 114 117 145 150
27206,145
27213,091 101
27214,080
27215,080
27216,091 101
27217,091 101
27218,047 114 117 145 150
27220,143
27222,150
27224,150
27227,080
27230,143 150
27233,047 114 117 150
27237,145
27240,091 115
27244,091 101
27246,150
27247,150
27249,145
27254,143
27256,091
27259,143 150
27260,143
27261,047 091 114 115 117 150
27264,080
27272,145
27275,091 101
27278,145
27279,150
27281,091 101
27282,047 091 114 115 150
27285,091
27286,047 091 114 117
27290,080
27296,145
27298,008 028
27299,047 091 114 115 150
27300,047 091 114 117
27302,145
27303,091 101
27311,080
27314,047 091 114 115 117
27315,091 101
27319,145
27322,047 091 114 115 150
27323,145
27324,145
27327,080 145
27328,145
27331,117
27333,047 091 101 114 115 117 150
27335,080 145
27339,145
27346,117
27347,080 145
27348,091 101 114 117
27350,080 145
27356,145
27359,080 117 145
27360,080 145
27361,091 101 114 117
27362,145
27370,080 117 145
27373,145
27374,145
27375,091 101 114
27382,080 091 114 117 145
27383,145
27384,091 101 114 117
27391,080 091 114 117 145
27395,091 101 114 117
27397,021 028
27399,080 091 114 117 145
27403,080 091 101 114 117 145
27404,080 091 114 117 145
27407,021 028
27408,080 091 101 114 117 145
27409,080 091 101 114 117 145
27410,021 028
27412,021 028
27414,021 028
27428,133
27434,101 143 150
27435,046 101 143 150
27436,046 101 143 150
27438,101 114 143 150
27439,076 091 115
27441,076
27442,023 076
27473,140
27486,022 026 108
27523,017 110
27528,034
27530,047 050
27536,007 101
27539,100 194
27543,033 045 143
27554,090 107
27555,047 108 109
27556,103 111 129
27557,006
27558,059 108
27565,042 046 070 177
27567,080 087
27568,041 067
27571,057 078 105 146
27572,109 135
27573,002
27574,092
27575,047 091 114 117 145 150 185
27576,020 129
27579,118
27580,109
27581,076
27583,065 145
27588,004 046 053 062 129 143
27589,033
27590,053 106 181
27602,151
27604,151
27608,019
27610,019
27621,019
27622,019
27624,019
27625,019 071 130 151
27626,019 057 071 151 194
27631,034 160 166
27636,059 060 068 133 152 161 168 184
27641,076
27643,076
27647,071 130
27648,110
27650,071 110 130
27651,029
27652,110
27653,110
27654,093 110
27655,093 110
27657,110
27658,110
27680,107 114
27686,160 194
27687,010 037 041 059 060 093 095 108 118 194
27688,041 059 060 067 093 095 108 118 194
27689,008 033 074 086 143 159
27691,004 055 088 126 180
27692,034 099 166 172
27701,105
27702,105
27704,107
27705,107
27706,107
27707,025 107
27708,107
27709,107
27710,107
27716,107 114
27717,107
27718,105 107
27719,105
27723,025 107
27726,107
27733,044 065
27734,080
27735,080
27736,080
27737,080
27738,080
27746,019 076
27747,044 065
27748,019
27765,015 029 055 059 060 064 118
27789,007 145
27790,007 145
27791,007 101 145
27792,047 050 114
27794,007 047 050 101 114
27802,101 143 150
27822,008
27823,008
27824,008
27825,005 008
27826,008
27835,080
27837,023
27838,023
27840,022 024 126
27841,022 024 126
27842,012 039 041 059 060 067 093 095 108 111 118 194
27843,012 039 111 194
27844,059 060 093 095 108 118
27846,012 039 041 067 093 095 108 111 118 194
27847,029 039 041 064 067 093
27848,039 108 111 152
27849,059 160
27855,042 107
27860,107
27864,039
27868,029 053
27869,113 133
27874,181
27877,041 067 110
27878,041 067
27879,041 067
27881,047 065
27882,105 135 146
27884,133
27885,133
27886,050 101
27888,133
27889,007 050 101
27990,050 101 133
27991,050 101 133
27992,007
27994,108
27995,045 053 129 148
27996,065
27999,113 133
28001,090 145
28003,182
28006,050 086 117 193
28007,086 193
28008,080 086 145 193
28010,002
28012,029 064 074 093 103 159
28015,008 029 064 086 111
28016,086
28017,074 093 129 159
28018,002 008 022 024 086 103 126
28019,002 074 093 103 111 129 159
28020,129
28024,129
28025,022
28031,129
28033,002
28035,029 033 061 064 129 130 152
28036,093 124
28044,002 015 065 088 119
28046,017 110
28049,061 067 092 093 124 130
28050,017 110 124
28053,006 009 022 033 045 070 108 115 132 143
28054,006 008 009 022 023 028 050 056 070 101 106 108 115 126 132 150
28055,045
28056,020 045 129
28057,022 026 033 045 091 108
28060,022 026 033 045 091 108
28063,006 007 033 092 115 126 143 150
28064,006 007 115 126 150
28066,006 033 115 126 150
28067,033 045
28068,076
28070,151 168
28075,020 045
28080,020 129
28082,129
28083,129
28088,009 020 070
28089,132
28090,033 045 132 143
28093,004 055 088 126 180
28099,130
28101,034
28104,020 129
28106,045 152
28107,020 129
28111,045 095 100
28112,095 100 134
28113,062 092 093 130
28114,010 037 041 059 060 092 093 095 102 108 110 118
28130,117
28131,117
28143,008
28147,180
28149,047 180
28151,076 193
28152,193
28155,076
28156,080
28157,151 184
28163,065 145
28164,065 145
28165,015 065 105 145 146
28166,015 065 105 119 145 146
28167,015 065 119 145
28168,015 065 119 145
28169,015 065 119
28170,015 065 071 119
28171,015 065 071 119 145
28177,145
28178,065 145
28179,015 065 105 119 145 146
28180,047 050
28181,007 047 050 101 114 145
28183,007 101 145
28184,007 101
28185,007 145
28186,007 101 145
28187,007 101 145
28188,047 050 114
28189,062 067 092 093 130
28197,046
28201,022 033 045 091
28203,022 026 033 045 091 108 129
28204,022 033 045 091
28206,022 033 045 091
28207,022 033 045 091 108 129
28209,033 092
28302,143
28303,007 033
28304,007 033
28305,033
28306,033
28308,007 033
28326,021 028 117
28393,021 028 117 161
28397,004 021 028 185
28415,021 028 117
28422,021 028 080 117
28444,117
28446,004 021 028 185
28459,044 076 091 115 135
28470,028 117
28476,021 028 117
28485,117
28486,117
28488,004 021 028 185
28512,028
28522,028 042 107
28527,021 028
28537,002 004 008 021 028 185
28542,097
28544,107
28545,145
28559,070
28560,042 047 071 076 078 087 093 108 111 119 176
28561,019 065 071 076 087 090 111 119 127
28562,019 042 065 071 076 087 090 093 108 111 119 127
28563,019 042 047 065 071 076 087 090 093 108 111 119 127 176
28564,019 042 044 047 063 065 071 076 078 087 090 093 108 111 123 127 176
28573,134
28605,109
28609,034 099 108 166 172
28612,021 028 117 161
28613,021 028 117 161
28614,021 028 117
28622,132 133
28644,023
28645,023
28655,008 033 045 143
28659,046 070 090
28660,046 070 090
28661,046 070 090
28662,046 070
28664,090 107
28665,090 107
28666,090 107
28670,092 093
28673,107
28674,022
28675,007 050 056
28677,022 050 056 091 103 105 126
28678,007 008 022 028 029 056 064 086 091 105 111 126
28679,033 037 045 160 166
28680,033 037 045 160 166
28681,033 037 045 160 166
28682,033 037 045 160 166
28683,033 037 045 160 166
28684,015 055 059 060 064
28687,047 117 145 185
28688,047 101 145 185
28717,047 091 101 114 115 117
28819,047 114 117 145 150
28820,008 039 075 101 106 108 150 152
28822,091 115
28823,091 115
28824,091 115
28827,091 115
28832,091 115
28834,091 115
28835,091 115
28837,091 115
28847,114 150
28849,145 185
28850,047 117 145 185
28854,028 033 034 037 042 045 107 160 166
28855,028 033 034 037 042 045 107 160 166
28857,028 033 034 037 042 045 107 160 166
28862,028 033 034 037 042 045 107 160 166
28863,028 033 034 037 042 045 107 160 166
28864,028 033 034 037 042 045 107 160 166
28865,028 033 034 037 042 045 107 160 166
28866,037 160 166
28867,160
28897,033 037 045 160 166
28904,008
28905,025 086 152
28906,025 029 033 053 064 086 152
28907,025
28909,025
28912,025
28913,006 026 050 140 146 180
28918,132
28919,010 017 059
28922,075
28926,010 017 039 059
28927,010 017 039 059
28928,010 017 039 059 067 129
28929,132
28930,039 067 070 100
28931,070 100 152
28933,070 100 152
28945,039 095
28949,029 033 061 064 126 129 130 152
28950,033 129
28951,033 129
28952,024 029 061 064 074 093 130 152
28953,008 029 062 086 143 159 195
28954,008 022 024 029 062 130 143
28957,101
28959,091 115
28962,015 029 107 130
28969,064
28970,042 064
28977,071 087 108 127 176
28978,113 133
28979,113 133
28980,024
28981,024
28983,047 057 078 105 113 146
28984,047 078 113
28987,076 091 115
28997,065 071 076
28998,065 071 076
29005,002
29017,002
29027,002
29028,129
29030,080 145
29031,117
29032,033 037 045 160 166
29034,025
29038,029 062 129 143
29040,024 057
29041,024 057
29042,024
29046,047 078 113 133
29052,065 071 076
29056,037 130
29059,037 130
29060,037 067
29062,010 037 067 145
29064,047
29065,047
29067,057 078 105 146
29085,042
29105,129
29147,129 148
29171,006 050 150 168
29172,097
29174,086 193
29175,050
29181,080 145 185
29182,050 056 086 117
29183,080 145
29184,007 086 101 114 145 193
29185,097
29186,006 050 150 168
29189,007 114 193
29190,004 007 050 056 097 103 145
29192,145
29193,004 007 050 056 076 097 103
29195,007 050 056
29196,004 007 050 056 076 097 103 145
29414,060
29424,021 028
29426,021 028
29430,053 080 108 117
29447,042 044 046 076
29482,021 028 117
29498,021 028 117
29500,021 028 117
29513,021 028 117
29554,008 097
29572,008 028
29603,021 028 117 161
29606,021 028 080 117
29683,053
29686,110
29687,071 110 130
29698,110
29699,041 067 110
29700,041 067 110
29701,041 067
29702,034 130 160 166
29703,160 166
29704,034 160 166
29705,034 130 160 166
29706,034 160 166
29709,130 160
29710,160
29711,034 037 130 160 166
29712,034 160 166
29713,034 160 166
29714,034 160 166
29716,004
29717,150
29728,004 129
29731,002 004
29732,004
29734,004
29735,004
29738,004
29743,004
29745,056
29746,056 086 114
29748,047 050 056 086 114
29749,050 056 086 193
29751,056 086 193
29752,050
29782,044 063
29784,002
29790,107
29791,099 172
29792,181
29794,019 021 059 060 068 071 130 133 151 152 161 168 184
29804,101 143
29808,059 060
29809,015 055 059 060 064
29811,060
29821,019 130 151
29822,044 047 063 078 111 123 127
29823,044 063 093 119 123 176
29824,044 063 093 123
29826,044 047 063 078 111 123 127
29827,019 042 044 047 063 065 071 076 087 090 093 108 176
29828,044 047 063 078 111 123 127
29844,046 059
29855,107
29856,007 008 009 020 023 028 033 050 056 070 075 100 101 106 132
29858,006 022 026 033 045 091 108 115 126 150
29862,129
29863,020 045 129
29866,129
29869,034 099 166 172
29871,034 099 166 172
29873,034 099 166 172
29875,034 166 172
29876,099 108 172
29877,034 099 108 166
29887,111 113 123 133
29891,046 059
29892,007 008 060 064 090 098 105 151
29893,008 037 056 064 086 151
29894,006 008 037 050 056 060 090 150 151
29897,044 047 063 078
29898,063
29900,044 047 063 078
29901,044 047 063 078
29902,044 047 063
29903,044 047 063
29905,107
29906,028
29907,028
29908,015 029 130
29911,064
29913,026 108
29920,019 044 065 076 093 176
29924,053 055 145
29928,113 133
29938,150
29940,145 146
29941,145 146
29942,145 146
29943,105 146
29944,105 145 146
29945,105 145 146
29946,015 105 119 145 146
29947,015 055 119
29948,015 119
29949,145
29950,055
29951,055 105 145 146
29952,092 099 105 124 145 146
29959,034 099 166 172
29962,044 047 063 078 111 123
29963,044 047 063 078 111 123
29966,017 110
29973,046 090 188
29976,004
29978,195
29980,047
29983,146
29985,193
29986,193
29987,023 076 193
29989,023 076
29998,033
29999,022 026 033 045 091 108 129
30000,033
30004,019
30012,007 008 064 086 090 098 105 151
30014,008
30026,129
30029,071
30030,127
30031,071 087 108 127
30032,042
30034,160 166
30037,067
30044,039 188
30046,071
30047,071
30049,004 012 060 061 062 065 079 084 090 095 096 097 102 129 143 151 168
30050,039 045 053 079 091 100 129
30051,004 012 060 061 062 084 090 096 097 102 129 143 151 168
30052,009 010 012 017 028 039 045 060 061 065 070 097 098 102 129 133 148 168
30053,012 039 045 060 102 129 148 168
30079,067
30080,067
30081,010 017 059 067
30082,039 045 067 070 100
30083,009 067 100 129
30084,100
30085,017 059
30086,010 017 039 045 059 070
30087,010 039 045 059 070
30088,059
30090,009 039 045 070 091 100
30091,009 010 017 028 059 091
30092,009 091
30093,009 091
30094,009 067 091
30095,129
30096,098
30097,007 008 056 064 086 098
30098,007 008 024 064 086 105
30100,091
30101,028 105
30102,029 050 146
30106,098
30112,084 181
30114,080
30115,080
30151,046
30152,046
30157,127
30158,127
30159,127
30160,127
30161,127
30162,021 028
30163,021 028
30164,021 028
30165,021 028
30175,127
30176,127
30177,127
30178,127
30179,127
30180,127
30181,127
30182,127
30183,021 028
30184,021 028
30185,021 028
30186,021 028
30187,021 028
30188,021 028
30189,021 028
30190,021 028
30191,021 028
30192,021 028
30193,021 028
30194,127
30195,127
30196,127
30197,127
30205,080 097 103 145 180
30206,101 102
30207,015 065 105 145 146
30208,015 105 146
30217,188
30218,019 076 114
30219,063 080 126 180
30220,080
30240,037
30241,010 037
30245,180
30246,180
30252,067
30282,034 037 160 166
30299,044 063
30301,044 063
30306,021
30320,039
30332,047 101 185
30335,007 101 145
30336,007 101
30342,145
30346,065 098 129 148 154
30347,076 099 106 124 135 146
30348,105 135 146
30350,076 099 124 135 146
30351,092
30370,021 028 117
30371,021 028 117
30374,002
30375,002
30380,004
30381,002 004
30382,002 004
30384,002 004
30389,033
30390,007 022 033 062 143 152
30391,028 091 126
30394,007 008 009 033 091 093 130 143
30395,007 008 009 033 091 093 130 143
30396,008 009 045 091 093 130
30397,006 008 009 023 026 045 115 132
30398,006 008 009 023 026 045 115
30399,006 008 009 023 026 045
30403,115
30404,091
30405,091
30406,056 091 152 159
30407,022 028 050 056 091 126
30408,159
30409,008 061 093 130 152
30411,007 033 129 143 195
30414,023 115
30416,091 105 129
30420,126 140 146 152 180
30421,093 126 130 140 146 152 180
30422,129
30423,129
30424,129
30425,006 026 050 129
30426,023
30427,023
30428,022 050 056
30429,022 050 056
30432,105
30433,091 105
30442,022 028 061 126 152
30443,028
30445,062 067 092 093 130
30447,091 159
30448,022 050 056
30451,062 067 092 093 130
30454,062 067 130
30458,085 119
30459,085 119
30460,015 065 085 119
30467,108
30468,108
30469,108
30470,108
30471,105
30474,080 146
30479,105 108
30481,169
30482,169
30483,107
30496,107
30497,071 127 140 176
30498,071 127 169
30499,046
30502,046
30515,007 008 098 105
30518,145
30519,145
30592,044 076 181
30599,114
30601,114
30603,090 107
30606,090
30621,046 070 090
30626,090
30629,046 070 090
30632,090
30633,090
30634,090
30635,090
30636,090
30683,090
30684,090
30685,090
30686,090
30691,046 070 090
30693,090
30699,034 037 130 160
30716,126 180
30718,126 180
30719,063 126 180
30720,063 126 180
30721,063 126 180
30722,063 126 180
30728,034 037 160 166
30729,034 037 160 166
30731,008 033 034 037 045 160 166
30732,130
30733,067
30734,067
30735,037 130
30736,037 130 160
30739,037 160
30740,037 130
30741,067
30743,130
30744,037
30754,046
30756,046
30757,023
30758,023 076
30763,023
30831,056 086
30844,105
30845,105
30848,123 176
30879,008 050 080 145 185
30881,008
30884,080 097 103 145 180
30940,092 097 103 126 180 185
30954,107 114
30956,004 007 134
30976,180
31089,080
31093,006 115 128 160 164
31094,006 028 091 115 128
31095,006 075
31096,070 150 178 188
31098,070
31099,070 150 188
31101,050 056 115
31103,097
31105,130
31108,017
31109,041 061 062 095 118
31118,020 029 033 053 064
31119,042 044 076
31122,076 091 115
31134,080 108
31136,004 044
31137,044
31138,044
31140,006 061 097 143
31145,049 088
31151,007 044 050
31156,020
31159,046 070 090
31160,046 070 090
31174,114 150
31175,047 091 114 117 145 150 185
31176,091 114 145 150 185
31177,047 091 114 117 145 150 185
31178,047 091 114 117 145 150 185
31179,047 091 114 117 145 150 185
31180,047 091 114 117 145 150 185
31181,091 145
31183,047 091 114 117 145 150 185
31184,047 091 114 117 145 150 185
31185,047 091 114 117 145 150 185
31187,091
31188,047 091 114 117 145 150
31189,047 114
31191,047 091 114 117 145 150
31201,047 091 114 115 150
31203,047 091 114 115 150
31207,047 091 114 117 145 150 185
31208,047 091 114 117 145 150 185
31209,047 091 114 117 145 150 185
31210,047 091 114 117 145 150 185
31211,047 091 114 117 145 150 185
31212,047 091 114 117 145 150 185
31213,047 091 114 117 145 150 185
31215,047 091 114 117 145 150 185
31216,047 091 114 117 145 150 185
31217,047 091 114 117 145 150 185
31218,047 091 114 117 145 150 185
31219,047 091 117 150 185
31220,047 091 114 117 145 150 185
31221,047 091 114 117 145 150 185
31228,117
31229,117
31230,117
31231,117
31232,117
31233,117
31235,004 113
31237,010 039 046 070
31238,039 046
31239,039 046
31240,039 046
31241,039 046
31242,039 046
31243,010 046 053 070
31247,022 024 029
31261,132
31266,004 020
31268,020 129
31270,129
31275,154
31291,019 039 042 044 063 065 076 090 093 176 184
31292,071 087 093 108
31293,071 087 108
31294,180
31296,080
31311,086
31316,071
31318,071
31319,071
31323,071
31330,071
31331,071 130
31334,034 099 166 172
31335,099 172
31336,099 172
31340,015 021 028 060 117
31412,047
31413,110
31414,110
31415,110
31422,110
31426,110
31428,110
31433,090 118
31434,090 118
31435,090 118
31436,090 118
31438,118
31439,099 106 124
31444,084 092 172 181
31445,092
31447,092 181
31448,092
31449,092
31450,092
31451,092
31452,092
31453,092 106
31454,105 135 146
31455,106
31456,076 099 124 135 146
31460,109
31465,024 057 110
31467,076 106
31468,106
31469,106
31470,106
31482,092 180
31483,092
31484,092 180
31485,063 180
31486,063 180
31487,063 092 180
31488,063 180
31489,063 180
31490,063 180
31491,008 182
31492,008 049 092 107 113 182
31493,107
31495,182
31500,001 002 008 088 136 163
31501,001 002 008 088
31502,001 002 008 088 182
31503,001 002 008 088 096
31504,008
31505,008
31506,008 063 092 113 136 163 182
31507,008 063
31510,020 045 070
31518,037
31519,070
31520,070
31521,070
31522,070
31523,070
31524,070
31525,070
31526,070
31527,070
31528,070
31529,046 070
31531,070
31534,049 063 088 180
31535,049 063 180
31536,049 063 180
31541,037 130 160
31545,119
31547,015 029
31550,009 028 090 091 134
31552,034 166
31553,034 166
31554,034 166
31555,034 166
31556,034 166
31558,034 166
31563,009 020 023 028 050 056 070 075 100 101 106 132
31564,008 009 020 023 028 050 056 070 075 100 101 106 132 195
31580,008 009 020 023 028 050 056 101 106 132 195
31584,008 143
31585,008 033 045 143
31586,008 033 045 143
31587,008 033 045 143
31612,008 033 045
31616,008 033 045
31623,004 020 129
31627,129
31629,008 009 020 023 028 050 056 070 100 101 106 132 195
31630,008 009 020 023 028 050 056 070 075 100 101 106 132
31631,033
31633,009 020 023 028 050 056 070 075 100 101 106 132
31638,008 009 020 023 028 050 056 070 101 106 132
31650,002 008 026 085 086 088
31652,103 195
31654,103
31660,017
31662,017 100
31663,103
31671,033 045 143
31674,044 065 080 151 168
31675,044 065 080 151 168
31679,008 033 034 037 045 160 166
31684,022 033 045 091 108 129
31685,033 045
31686,033 045
31687,033 045
31689,022 033 045 091 108 129
31690,033
31694,033 108 129
31695,091 115
31718,071 087 108
31719,071 087 108
31720,071 087 108
31721,071 087 108
31722,071 087 108
31724,071 087 108
31730,033 045
31731,033 045 143
31732,033 045 143
31735,008 033 045 143
31736,008 033 045 143
31744,033 045
31745,033 045
31747,033 045 143
31754,033 045 143
31762,002 004
31789,008
31790,033 045
31792,033 045 143
31797,033 045 143
31815,092
31816,045
31817,092
31825,047 091 114 117 145 150 185
31885,008 028 097
31887,008 028 097
31900,008 028
31921,021 028
31922,021 028
31929,028
31935,126 180
31941,046 070
31946,020 070
31948,012 017 022 060 098 133 154
31949,022 098 133 154
31950,070
31951,070
31952,029 053 074 093 129 159
31953,029 033 064 086 129 152 159
31954,029 053 074 093
31955,029 053 168
31957,029 053 168
31958,029 053 074 093
31959,029
31960,025 029 053 064 086 129 152 159 168
31961,025
31963,025 168
31967,086
31968,129 159
31969,029 033 053 129 159 168
31970,025 029 033 053 064 086 129 152 159 168
31971,025 029 033 053 064 086 129 152 159 168
31972,025 029 033 053 064 086 129 152 159 168
31973,025 029 033 053 064 086 129 152 159
31974,025 029 053 064 086 152
31975,086 152
31977,086 152
31978,008 025 168
31979,168
31988,046
31989,046
32024,033 045 143
32040,033 045 143
32042,033 045 143
32044,033 045
32047,033 045 143
32052,033 045 143
32053,033 045
32058,132
32090,033 045 143
32091,033 045 143
32095,143
32109,033 045 143
32110,033 045 143
32111,033 045 143
32112,033 045 143
32290,033 045
32291,033 045
32312,007 009 020 022 026 028 033 045 050 056 070 075 091 100 101 106 108 126 132 143
32313,007 009 020 022 026 028 033 045 050 056 070 075 091 100 101 106 108 126 132 195
32314,007 009 020 022 026 033 045 050 056 070 075 091 100 101 106 108 126 132
32318,042 044 046 076 135
32319,044 076 135
32322,076
32323,150 188
32324,042
32325,046 193
32329,032 044 178
32330,006 015 046 085 091 115 128 150 160 164
32331,006 015 046 085 150 160 164
32332,009 031 032 075 164 188
32333,031 032 119 158 164 188
32334,015 085 091 115 128 150 160
32335,015 085 150
32336,178
32337,009 042 075
32338,042 188
32339,042 188
32340,028 178
32341,178
32343,046
32344,046
32345,046
32346,028 042 046 070 177 178
32347,031 032 042 046 070 119 164 177 178
32348,006 015 085 091 115 128 150 160 164
32349,031 164 188
32353,032 042 044 046 070 164 177
32359,056 086 117 193
32360,143
32362,143
32375,092 093
32381,090 118
32382,090 118
32383,090 118
32387,090 118
32390,001 002 008 046 086 113 136 163 182
32391,001 002 008 046 086 088 113 136 163 182
32400,067 130
32403,118
32405,090 118
32408,118
32413,090 118
32416,118
32417,118
32420,092 134
32422,193
32424,019 039 042 044 063 065 071 076 087 090 093 108 176 184
32428,093
32429,071 087 108
32509,101
32510,101 143
32511,101 143
32512,023
32514,023
32515,023
32519,002 004
32529,008
32532,008 025 130
32533,008 025 130
32534,047 109
32537,047 109
32540,090
32541,107
32544,007 023 053 075 088 115 126 128 160 164 180
32548,107
32566,090 118
32567,090 118
32568,090 118
32569,090 118
32570,090 118
32585,090 118
32823,015 028 029 130
32851,101 114 143 150
32881,109 140 159 180
32889,020 074 129
32890,129
32891,129
32895,004 020 129
32896,004 020 129
32897,002 004 020 103 111 129
32898,002 004 020 103 111 129
32899,002 004 020 103 111 129
32900,002 004 020 103 111 129
32901,004 020 129
32902,004 020 103 129
32903,004 020 129
32904,004
32905,004
32906,129
32909,002
32910,103 129
32914,022 026 033 045 091 108 129
32916,129
32918,129
32919,103 129
32923,007 008 009 020 023 028 033 050 056 070 075 100 101 106 132
32924,006 022 026 033 045 091 108 115 126 150
32926,022
32927,006 033 115 126 150
32928,006 033 115 126 150
32929,026 108
32931,026 108
32932,006 115 126 150
32933,007 033
32934,008 009 020 023 028 050 056 070 075 100 101 106 132 195
32935,008 009 020 023 028 050 056 070 101 106 132 195
32936,020 129
32941,020 129
32942,020 129
32948,004 129
32949,004 020 129
32962,111 129
32963,004 020 111 129
32967,004 020 129
32979,004 129
32982,033 045
32983,033 045
32990,008 033 045
32996,033 045
33000,129
33004,004
33010,020
33012,020
33013,008 020 130
33014,008 020
33017,008 020
33022,008
33023,008
33029,037
33031,130
33062,105
33080,076
33090,051 098 148 195
33093,025
33110,049
33116,020 060
33122,037 160
33123,008 033 034 037 045 160 166
33125,008 033 034 037 045 160 166
